Time of Detection,Latitude,Longitude,Vertical Speed,Acceleration X,Acceleration Y,Acceleration Z,Bearing Change Rate,Altitude Change Rate,Signal Strength,Frequency,PRI,Pulse Width,Electronic Warfare,IFF Code,Flight Plan,Communication Signals,Weapon Status,Number of Objects in Formation,Formation Type,Country of Origin,Object Behavior,Weather Conditions,Time of Day,Geographic Terrain,Proximity to Sensitive Locations,Current Air Traffic Density,Solar Activity,Sensor Reliability,Confidence Level (Detection),Confidence Level (Classification),Number of Sensors Detecting Object,Sensor ID
2025-03-07 02:50:50.784082,-33.007488,-126.76091,-33.45,4.33,-1.45,2.27,-8.93,1.53,-45.13,3922494492.63,820.24,20.09,Jamming,7200,"{'ID': 'FP7754', 'Departure': 'Airport_34', 'Arrival': 'Airport_14', 'Planned Altitude': 6579.98, 'Planned Speed': 581.28}","{'Frequency': 1649.67, 'Content': 'Encrypted', 'Language': 'English'}",Unknown,2,Line Abreast,US,Loitering,"{'Visibility': 40240.19, 'Wind Speed': 4.79, 'Cloud Cover': 7.53}",Twilight,Mountainous,83475.0,94,Low,83.17,83.25,65.9,5,SENSOR_7
2025-03-07 01:08:02.784082,82.568076,45.352674,41.35,4.12,-1.34,-4.94,1.98,-11.61,-48.24,2421464968.21,655.54,30.67,None,6399,"{'ID': 'FP1486', 'Departure': 'Airport_9', 'Arrival': 'Airport_21', 'Planned Altitude': 17596.08, 'Planned Speed': 677.0}","{'Frequency': 4368.64, 'Content': 'Standard', 'Language': 'English'}",Unarmed,2,V-Formation,IN,Loitering,"{'Visibility': 16720.11, 'Wind Speed': 18.81, 'Cloud Cover': 17.98}",Twilight,Flat,26065.0,80,Low,96.98,50.93,84.04,5,SENSOR_14
2025-03-07 06:38:46.784082,-25.730555,-132.516254,0.21,4.14,-3.4,0.61,-9.72,-17.99,-37.24,6415278169.73,41.85,35.64,None,8401,"{'ID': 'FP3241', 'Departure': 'Airport_33', 'Arrival': 'Airport_40', 'Planned Altitude': 31806.9, 'Planned Speed': 805.45}","{'Frequency': 9266.91, 'Content': 'Standard', 'Language': 'English'}",Armed,2,V-Formation,CN,Aggressive Maneuvers,"{'Visibility': 30147.14, 'Wind Speed': 12.6, 'Cloud Cover': 72.93}",Day,Flat,67799.31,14,Medium,93.43,67.7,52.47,3,SENSOR_2
2025-03-07 03:08:57.784082,-30.669537,-33.031357,44.26,-1.42,-0.58,-0.89,-1.57,-15.77,-66.23,9270062671.36,972.07,81.51,Spoofing,7246,"{'ID': 'FP6340', 'Departure': 'Airport_34', 'Arrival': 'Airport_25', 'Planned Altitude': 27317.82, 'Planned Speed': 330.38}","{'Frequency': 4485.26, 'Content': 'Standard', 'Language': 'Unknown'}",Unknown,4,Line Abreast,DE,Aggressive Maneuvers,"{'Visibility': 47526.31, 'Wind Speed': 6.68, 'Cloud Cover': 70.31}",Day,Coastal,25845.21,23,High,99.01,90.78,99.64,4,SENSOR_9
2025-03-07 14:23:56.784082,-78.758096,-14.499615,-29.71,0.8,2.07,-3.54,4.44,-8.8,-14.16,1719594184.74,106.61,1.6,Spoofing,1141,"{'ID': 'FP4744', 'Departure': 'Airport_35', 'Arrival': 'Airport_29', 'Planned Altitude': 1571.02, 'Planned Speed': 502.75}","{'Frequency': 674.07, 'Content': 'Encrypted', 'Language': 'English'}",Unknown,1,None,UK,Aggressive Maneuvers,"{'Visibility': 47302.94, 'Wind Speed': 11.47, 'Cloud Cover': 66.22}",Day,Flat,28899.3,92,Medium,65.3,86.52,78.25,5,SENSOR_2
2025-03-07 02:30:17.784082,-44.904843,169.186366,-33.12,-0.78,2.21,-0.61,-1.21,10.2,-87.98,3022611135.68,65.98,1.87,Unknown,9240,"{'ID': 'FP3131', 'Departure': 'Airport_24', 'Arrival': 'Airport_41', 'Planned Altitude': 23517.69, 'Planned Speed': 364.33}","{'Frequency': 6747.01, 'Content': 'Encrypted', 'Language': 'English'}",Unarmed,2,V-Formation,RU,Direct Approach,"{'Visibility': 39455.78, 'Wind Speed': 9.71, 'Cloud Cover': 95.99}",Night,Mountainous,16257.76,89,Low,85.6,70.74,74.35,5,SENSOR_12
2025-03-07 21:46:08.784082,-71.429398,152.521808,-16.04,-2.26,-4.04,-4.08,7.49,-0.01,-5.31,5231461444.08,886.18,60.64,Spoofing,6334,"{'ID': 'FP3479', 'Departure': 'Airport_23', 'Arrival': 'Airport_6', 'Planned Altitude': 1239.14, 'Planned Speed': 325.61}","{'Frequency': 5131.43, 'Content': 'Encrypted', 'Language': 'English'}",Unknown,3,Echelon,PK,Loitering,"{'Visibility': 26541.42, 'Wind Speed': 22.94, 'Cloud Cover': 39.83}",Night,Flat,47486.02,9,Medium,89.63,98.15,71.83,1,SENSOR_18
2025-03-07 12:41:43.784082,-33.015369,-109.469368,1.91,-2.46,1.0,3.19,0.86,4.49,-74.9,3894728854.56,987.31,91.9,Spoofing,3242,"{'ID': 'FP7650', 'Departure': 'Airport_46', 'Arrival': 'Airport_8', 'Planned Altitude': 12824.98, 'Planned Speed': 880.79}","{'Frequency': 4901.13, 'Content': 'Encrypted', 'Language': 'English'}",Unarmed,5,V-Formation,DE,Loitering,"{'Visibility': 16186.6, 'Wind Speed': 12.03, 'Cloud Cover': 73.47}",Day,Flat,47941.12,27,Low,84.8,71.78,62.32,3,SENSOR_3
2025-03-08 01:02:42.784082,30.286669,10.560753,5.45,-0.83,4.16,-1.07,0.69,12.05,-80.62,6985634133.09,80.6,61.07,Spoofing,1326,"{'ID': 'FP5029', 'Departure': 'Airport_21', 'Arrival': 'Airport_49', 'Planned Altitude': 17577.96, 'Planned Speed': 228.61}","{'Frequency': 3144.26, 'Content': 'Standard', 'Language': 'English'}",Armed,5,Line Abreast,RU,Aggressive Maneuvers,"{'Visibility': 47878.48, 'Wind Speed': 25.14, 'Cloud Cover': 33.8}",Day,Coastal,94468.93,15,High,74.43,73.58,64.99,3,SENSOR_10
2025-03-07 13:29:53.784082,-52.498831,86.788877,27.44,-1.69,-1.33,0.07,-2.4,-1.71,-87.37,6161570529.81,151.57,64.38,None,8903,"{'ID': 'FP7577', 'Departure': 'Airport_33', 'Arrival': 'Airport_18', 'Planned Altitude': 18807.4, 'Planned Speed': 504.33}","{'Frequency': 1332.57, 'Content': 'Standard', 'Language': 'English'}",Armed,6,Echelon,FR,Loitering,"{'Visibility': 23061.55, 'Wind Speed': 11.39, 'Cloud Cover': 68.55}",Night,Coastal,21162.08,11,Low,73.89,59.91,65.89,2,SENSOR_18
2025-03-07 02:02:48.784082,-19.375386,46.085889,-22.23,-0.13,-0.8,1.57,-8.8,2.56,-17.15,4887031776.1,938.27,9.57,Unknown,3036,"{'ID': 'FP8778', 'Departure': 'Airport_36', 'Arrival': 'Airport_27', 'Planned Altitude': 34193.04, 'Planned Speed': 763.45}","{'Frequency': 9550.72, 'Content': 'Encrypted', 'Language': 'Unknown'}",Unknown,3,V-Formation,KR,Direct Approach,"{'Visibility': 25592.0, 'Wind Speed': 7.29, 'Cloud Cover': 67.58}",Day,Flat,79489.29,54,High,89.36,83.29,60.55,4,SENSOR_7
2025-03-07 01:21:56.784082,81.785361,-95.774552,-2.67,-3.27,1.75,-4.96,3.61,12.04,-99.32,2505184202.58,881.93,82.91,Unknown,9669,"{'ID': 'FP3279', 'Departure': 'Airport_50', 'Arrival': 'Airport_21', 'Planned Altitude': 7151.47, 'Planned Speed': 679.93}","{'Frequency': 8097.14, 'Content': 'Standard', 'Language': 'Unknown'}",Unarmed,5,Line Abreast,IN,Direct Approach,"{'Visibility': 46623.04, 'Wind Speed': 3.61, 'Cloud Cover': 79.3}",Twilight,Coastal,31905.73,91,High,61.35,96.06,84.59,1,SENSOR_4
2025-03-07 22:03:54.784082,54.094933,-2.738987,-3.35,-2.5,0.14,-1.77,-5.48,11.44,-31.71,3862431536.96,491.76,62.44,Unknown,1872,"{'ID': 'FP6318', 'Departure': 'Airport_47', 'Arrival': 'Airport_42', 'Planned Altitude': 33804.69, 'Planned Speed': 337.16}","{'Frequency': 5527.32, 'Content': 'Standard', 'Language': 'Unknown'}",Unknown,4,Echelon,RU,Loitering,"{'Visibility': 23197.33, 'Wind Speed': 20.23, 'Cloud Cover': 18.65}",Day,Mountainous,72094.37,33,Medium,61.12,86.24,95.93,5,SENSOR_11
2025-03-07 01:15:37.784082,0.931115,168.140418,27.0,2.48,4.04,2.72,-2.35,-14.5,-15.05,3364397968.24,343.41,11.79,Jamming,9260,"{'ID': 'FP6732', 'Departure': 'Airport_48', 'Arrival': 'Airport_43', 'Planned Altitude': 9989.52, 'Planned Speed': 865.8}","{'Frequency': 2639.45, 'Content': 'Standard', 'Language': 'English'}",Unarmed,1,None,RU,Aggressive Maneuvers,"{'Visibility': 20243.28, 'Wind Speed': 9.89, 'Cloud Cover': 98.35}",Twilight,Mountainous,34769.65,18,Medium,81.93,99.81,88.46,4,SENSOR_17
2025-03-07 06:04:56.784082,83.437631,126.620372,-3.73,0.99,-2.01,-2.81,5.62,-10.16,-34.88,7336968360.54,303.1,52.82,Unknown,1004,"{'ID': 'FP9436', 'Departure': 'Airport_48', 'Arrival': 'Airport_38', 'Planned Altitude': 5179.14, 'Planned Speed': 673.29}","{'Frequency': 8528.2, 'Content': 'Standard', 'Language': 'English'}",Unarmed,1,None,CN,Aggressive Maneuvers,"{'Visibility': 708.05, 'Wind Speed': 28.8, 'Cloud Cover': 84.21}",Night,Coastal,12909.03,4,Medium,67.57,83.04,99.99,1,SENSOR_9
2025-03-07 18:31:43.784082,20.148594,156.020419,-7.71,1.04,2.1,-2.89,-1.23,5.6,-60.62,3295764202.32,663.67,47.63,None,9459,"{'ID': 'FP7915', 'Departure': 'Airport_46', 'Arrival': 'Airport_2', 'Planned Altitude': 35782.75, 'Planned Speed': 802.94}","{'Frequency': 5725.02, 'Content': 'Standard', 'Language': 'English'}",Armed,3,None,CN,Direct Approach,"{'Visibility': 24384.87, 'Wind Speed': 9.5, 'Cloud Cover': 50.16}",Night,Coastal,82320.89,68,Low,78.5,96.47,65.25,4,SENSOR_2
2025-03-07 10:09:50.784082,64.578008,-90.021286,10.87,4.9,3.91,-1.78,3.21,6.22,-75.14,6349038183.45,70.48,93.64,Jamming,9917,"{'ID': 'FP3789', 'Departure': 'Airport_28', 'Arrival': 'Airport_42', 'Planned Altitude': 23149.2, 'Planned Speed': 728.6}","{'Frequency': 234.62, 'Content': 'Standard', 'Language': 'English'}",Unarmed,1,None,PK,Direct Approach,"{'Visibility': 39800.13, 'Wind Speed': 24.19, 'Cloud Cover': 1.86}",Twilight,Flat,76087.56,78,Medium,63.86,52.84,64.69,3,SENSOR_3
2025-03-07 06:49:52.784082,-67.940166,85.684141,-9.56,0.46,0.67,-1.56,4.55,-19.26,-38.57,5102219751.46,764.96,72.58,Jamming,1172,"{'ID': 'FP8975', 'Departure': 'Airport_46', 'Arrival': 'Airport_13', 'Planned Altitude': 12464.25, 'Planned Speed': 676.44}","{'Frequency': 7982.57, 'Content': 'Standard', 'Language': 'English'}",Unarmed,5,Line Abreast,KR,Aggressive Maneuvers,"{'Visibility': 13669.11, 'Wind Speed': 0.31, 'Cloud Cover': 36.37}",Twilight,Mountainous,18629.97,5,Medium,64.98,52.84,56.89,4,SENSOR_10
2025-03-07 01:01:12.784082,87.512639,-113.242426,-48.99,1.51,3.73,-1.73,-2.06,-13.75,-55.55,3045943976.96,861.6,13.16,Unknown,9892,"{'ID': 'FP7508', 'Departure': 'Airport_2', 'Arrival': 'Airport_23', 'Planned Altitude': 5548.96, 'Planned Speed': 456.05}","{'Frequency': 6465.09, 'Content': 'Standard', 'Language': 'English'}",Unknown,3,Line Abreast,KR,Loitering,"{'Visibility': 32250.73, 'Wind Speed': 19.95, 'Cloud Cover': 56.07}",Night,Flat,72433.9,13,Medium,62.33,85.63,52.88,2,SENSOR_14
2025-03-07 16:58:22.784082,-60.913169,-99.525571,-16.1,-3.38,-0.44,-3.92,2.14,-15.56,-7.08,3051074590.89,768.14,8.89,Unknown,7565,"{'ID': 'FP9627', 'Departure': 'Airport_47', 'Arrival': 'Airport_46', 'Planned Altitude': 4044.86, 'Planned Speed': 626.49}","{'Frequency': 3702.2, 'Content': 'Encrypted', 'Language': 'English'}",Unknown,3,V-Formation,CN,Direct Approach,"{'Visibility': 46344.77, 'Wind Speed': 10.53, 'Cloud Cover': 21.81}",Day,Coastal,98358.15,39,High,56.27,61.19,69.85,1,SENSOR_20
2025-03-07 08:21:48.784082,-8.047985,123.729424,16.28,-1.11,4.6,-3.87,-9.3,17.55,-77.51,7324805246.85,585.46,6.4,Unknown,4909,"{'ID': 'FP6307', 'Departure': 'Airport_4', 'Arrival': 'Airport_20', 'Planned Altitude': 39957.24, 'Planned Speed': 555.89}","{'Frequency': 2043.87, 'Content': 'Encrypted', 'Language': 'English'}",Armed,6,None,FR,Loitering,"{'Visibility': 25262.38, 'Wind Speed': 18.98, 'Cloud Cover': 51.16}",Day,Coastal,85006.8,74,High,75.23,83.49,72.84,1,SENSOR_16
2025-03-07 04:45:36.784082,15.746494,69.313457,-22.4,-3.0,3.54,0.94,6.05,-1.8,-34.82,4896988581.08,566.71,77.18,Jamming,8327,"{'ID': 'FP9403', 'Departure': 'Airport_3', 'Arrival': 'Airport_5', 'Planned Altitude': 37380.76, 'Planned Speed': 352.25}","{'Frequency': 3627.42, 'Content': 'Standard', 'Language': 'English'}",Unknown,5,Echelon,CN,Loitering,"{'Visibility': 43796.95, 'Wind Speed': 26.83, 'Cloud Cover': 69.14}",Night,Mountainous,98447.86,18,Medium,57.94,99.58,84.67,1,SENSOR_4
2025-03-07 22:56:02.784082,-15.818822,79.643292,-21.88,-0.59,3.22,1.4,2.7,-10.45,-36.35,9897081941.99,596.69,4.55,Jamming,1755,"{'ID': 'FP1044', 'Departure': 'Airport_46', 'Arrival': 'Airport_23', 'Planned Altitude': 25846.46, 'Planned Speed': 346.66}","{'Frequency': 7486.52, 'Content': 'Standard', 'Language': 'Unknown'}",Armed,4,Echelon,PK,Loitering,"{'Visibility': 34709.08, 'Wind Speed': 7.24, 'Cloud Cover': 86.18}",Day,Coastal,73275.52,98,Medium,85.55,82.6,86.13,5,SENSOR_12
2025-03-07 11:26:00.784082,72.610275,-9.411712,10.52,4.25,4.84,3.53,-2.93,-7.51,-1.49,2543085187.24,969.18,34.57,Spoofing,5332,"{'ID': 'FP4935', 'Departure': 'Airport_4', 'Arrival': 'Airport_14', 'Planned Altitude': 19479.91, 'Planned Speed': 509.32}","{'Frequency': 5782.61, 'Content': 'Standard', 'Language': 'Unknown'}",Armed,3,Line Abreast,DE,Aggressive Maneuvers,"{'Visibility': 26327.23, 'Wind Speed': 29.67, 'Cloud Cover': 66.26}",Twilight,Mountainous,40959.38,38,Medium,93.67,67.79,50.12,1,SENSOR_20
2025-03-07 21:19:38.784082,26.557899,-69.307331,-19.54,-4.84,1.7,-0.62,1.86,-15.96,-73.37,3833869209.95,707.16,89.09,Jamming,3870,"{'ID': 'FP6653', 'Departure': 'Airport_35', 'Arrival': 'Airport_40', 'Planned Altitude': 11942.17, 'Planned Speed': 214.26}","{'Frequency': 8931.48, 'Content': 'Standard', 'Language': 'English'}",Armed,3,None,US,Loitering,"{'Visibility': 6396.17, 'Wind Speed': 12.8, 'Cloud Cover': 52.98}",Twilight,Coastal,45835.85,80,Low,82.35,63.62,60.58,3,SENSOR_9
2025-03-07 09:47:59.784082,36.435955,60.831894,49.66,3.51,-2.17,4.82,-6.89,-2.95,-95.41,1551972382.99,60.71,12.19,Spoofing,1037,"{'ID': 'FP2187', 'Departure': 'Airport_28', 'Arrival': 'Airport_9', 'Planned Altitude': 9815.2, 'Planned Speed': 608.45}","{'Frequency': 651.84, 'Content': 'Standard', 'Language': 'English'}",Unarmed,6,V-Formation,FR,Aggressive Maneuvers,"{'Visibility': 21724.31, 'Wind Speed': 27.62, 'Cloud Cover': 8.9}",Day,Coastal,55408.29,100,High,95.55,67.0,57.07,1,SENSOR_10
2025-03-07 05:55:52.784082,-41.919525,126.550322,9.06,1.07,4.57,2.12,-5.79,2.47,-94.93,2085257731.5,302.9,41.8,Spoofing,8637,"{'ID': 'FP3984', 'Departure': 'Airport_35', 'Arrival': 'Airport_35', 'Planned Altitude': 29925.13, 'Planned Speed': 343.09}","{'Frequency': 2216.78, 'Content': 'Standard', 'Language': 'English'}",Armed,1,None,CN,Loitering,"{'Visibility': 2241.48, 'Wind Speed': 12.62, 'Cloud Cover': 89.24}",Day,Flat,31562.59,34,Low,50.8,93.94,72.05,2,SENSOR_16
2025-03-07 21:32:57.784082,51.407181,-32.826831,-29.64,-0.41,1.98,-1.87,7.85,3.03,-31.24,3107537757.65,287.54,52.58,Spoofing,5373,"{'ID': 'FP2941', 'Departure': 'Airport_10', 'Arrival': 'Airport_38', 'Planned Altitude': 22612.04, 'Planned Speed': 209.92}","{'Frequency': 3085.71, 'Content': 'Standard', 'Language': 'English'}",Unarmed,6,Line Abreast,IR,Loitering,"{'Visibility': 41040.18, 'Wind Speed': 6.49, 'Cloud Cover': 9.42}",Twilight,Coastal,76790.73,98,High,91.54,54.73,97.5,5,SENSOR_9
2025-03-07 11:24:51.784082,-79.100057,-98.73414,-47.67,1.67,3.52,4.41,2.05,-10.59,-78.38,1547942943.03,809.0,66.63,Spoofing,7346,"{'ID': 'FP9504', 'Departure': 'Airport_33', 'Arrival': 'Airport_11', 'Planned Altitude': 3195.87, 'Planned Speed': 367.58}","{'Frequency': 3084.3, 'Content': 'Standard', 'Language': 'English'}",Armed,1,None,FR,Aggressive Maneuvers,"{'Visibility': 28265.61, 'Wind Speed': 14.88, 'Cloud Cover': 35.47}",Night,Mountainous,8690.69,43,Medium,71.35,59.24,82.57,1,SENSOR_16
2025-03-07 21:12:05.784082,42.484659,4.606396,-27.03,-3.2,1.33,-1.03,0.37,16.39,-1.8,5254531824.72,856.15,78.93,Jamming,6646,"{'ID': 'FP9114', 'Departure': 'Airport_4', 'Arrival': 'Airport_5', 'Planned Altitude': 4096.38, 'Planned Speed': 224.69}","{'Frequency': 4663.81, 'Content': 'Standard', 'Language': 'English'}",Armed,3,Echelon,US,Direct Approach,"{'Visibility': 10043.84, 'Wind Speed': 7.63, 'Cloud Cover': 19.0}",Twilight,Coastal,32918.96,94,Medium,57.5,89.04,52.6,5,SENSOR_13
2025-03-07 13:24:07.784082,-33.475964,-133.322288,8.6,-2.52,4.92,2.75,-9.26,-16.42,-68.11,2953919641.44,532.21,97.5,None,3383,"{'ID': 'FP5601', 'Departure': 'Airport_49', 'Arrival': 'Airport_50', 'Planned Altitude': 5898.95, 'Planned Speed': 874.59}","{'Frequency': 439.69, 'Content': 'Standard', 'Language': 'English'}",Armed,4,Line Abreast,FR,Aggressive Maneuvers,"{'Visibility': 4246.15, 'Wind Speed': 24.69, 'Cloud Cover': 49.0}",Twilight,Mountainous,63480.49,77,Low,98.62,63.58,63.77,1,SENSOR_14
2025-03-07 01:29:49.784082,5.334607,165.599742,-39.32,2.37,-4.8,-1.94,3.58,-3.58,-26.83,3328215142.02,401.42,53.45,None,3932,"{'ID': 'FP9544', 'Departure': 'Airport_10', 'Arrival': 'Airport_12', 'Planned Altitude': 4387.54, 'Planned Speed': 681.5}","{'Frequency': 5785.28, 'Content': 'Standard', 'Language': 'English'}",Armed,3,None,RU,Direct Approach,"{'Visibility': 41799.45, 'Wind Speed': 1.32, 'Cloud Cover': 10.09}",Day,Flat,60913.61,42,Low,61.84,55.5,62.34,3,SENSOR_8
2025-03-07 07:46:00.784082,1.964562,102.653214,40.33,2.27,-4.39,-4.94,5.79,-6.19,-56.46,5864720985.3,987.48,65.47,None,2078,"{'ID': 'FP2604', 'Departure': 'Airport_30', 'Arrival': 'Airport_26', 'Planned Altitude': 36389.82, 'Planned Speed': 510.94}","{'Frequency': 4647.29, 'Content': 'Standard', 'Language': 'English'}",Armed,5,Line Abreast,PK,Direct Approach,"{'Visibility': 10141.96, 'Wind Speed': 29.9, 'Cloud Cover': 99.91}",Twilight,Mountainous,21243.45,91,High,95.81,85.97,81.04,4,SENSOR_3
2025-03-07 13:56:12.784082,66.544603,146.139412,-24.64,1.07,0.19,4.36,-8.6,18.01,-93.85,3505463795.57,580.77,58.89,None,9630,"{'ID': 'FP4677', 'Departure': 'Airport_32', 'Arrival': 'Airport_46', 'Planned Altitude': 17978.28, 'Planned Speed': 261.46}","{'Frequency': 4699.51, 'Content': 'Standard', 'Language': 'English'}",Unarmed,1,None,CN,Aggressive Maneuvers,"{'Visibility': 49138.41, 'Wind Speed': 13.08, 'Cloud Cover': 68.77}",Day,Flat,10166.04,0,Low,93.68,59.82,97.59,2,SENSOR_3
2025-03-07 03:47:37.784082,-30.62058,-80.952864,23.96,-3.94,-4.26,-3.15,0.75,-10.22,-69.08,9920283239.23,791.71,23.49,Unknown,7046,"{'ID': 'FP1830', 'Departure': 'Airport_12', 'Arrival': 'Airport_11', 'Planned Altitude': 9739.92, 'Planned Speed': 515.36}","{'Frequency': 5893.99, 'Content': 'Standard', 'Language': 'English'}",Unarmed,1,None,FR,Aggressive Maneuvers,"{'Visibility': 37758.03, 'Wind Speed': 28.57, 'Cloud Cover': 12.81}",Day,Coastal,71287.78,79,High,72.64,71.67,63.18,2,SENSOR_15
2025-03-07 20:26:03.784082,65.005562,44.259068,-6.33,-3.68,1.22,1.95,1.11,11.6,-49.06,9996028405.41,283.15,73.81,Jamming,1375,"{'ID': 'FP4393', 'Departure': 'Airport_3', 'Arrival': 'Airport_5', 'Planned Altitude': 28069.79, 'Planned Speed': 682.57}","{'Frequency': 961.7, 'Content': 'Standard', 'Language': 'Unknown'}",Unknown,3,V-Formation,IN,Aggressive Maneuvers,"{'Visibility': 26517.22, 'Wind Speed': 23.73, 'Cloud Cover': 60.87}",Twilight,Flat,45552.67,69,Medium,93.2,78.56,91.24,4,SENSOR_3
2025-03-06 23:22:16.784082,-89.584585,100.981918,-29.21,3.35,0.06,-2.99,-5.68,15.27,-45.17,7184687610.0,36.89,4.98,Spoofing,4140,"{'ID': 'FP3400', 'Departure': 'Airport_50', 'Arrival': 'Airport_33', 'Planned Altitude': 18131.46, 'Planned Speed': 259.0}","{'Frequency': 7568.14, 'Content': 'Encrypted', 'Language': 'Unknown'}",Armed,1,None,FR,Direct Approach,"{'Visibility': 47580.88, 'Wind Speed': 12.07, 'Cloud Cover': 6.7}",Day,Coastal,65499.03,27,Low,80.19,85.29,52.27,5,SENSOR_1
2025-03-07 09:19:22.784082,26.637949,-161.097322,-16.67,-0.93,-0.72,0.21,2.91,-12.73,-53.74,2255176147.44,351.52,27.09,None,3652,"{'ID': 'FP2793', 'Departure': 'Airport_27', 'Arrival': 'Airport_10', 'Planned Altitude': 30182.44, 'Planned Speed': 432.16}","{'Frequency': 6810.83, 'Content': 'Standard', 'Language': 'English'}",Unarmed,4,V-Formation,IN,Direct Approach,"{'Visibility': 32493.5, 'Wind Speed': 26.84, 'Cloud Cover': 0.64}",Day,Mountainous,20280.81,8,Medium,53.47,89.19,87.37,4,SENSOR_15
2025-03-07 19:51:03.784082,-83.195319,-25.494525,14.01,1.42,-3.51,-0.12,-5.67,-17.01,-52.89,4597853229.89,883.1,19.56,Jamming,4668,"{'ID': 'FP2802', 'Departure': 'Airport_42', 'Arrival': 'Airport_37', 'Planned Altitude': 33852.37, 'Planned Speed': 627.14}","{'Frequency': 5346.72, 'Content': 'Encrypted', 'Language': 'English'}",Armed,5,Line Abreast,IN,Direct Approach,"{'Visibility': 8235.94, 'Wind Speed': 24.44, 'Cloud Cover': 52.75}",Day,Flat,93517.58,22,Medium,88.62,97.7,75.23,2,SENSOR_4
2025-03-07 12:25:45.784082,78.359041,-156.271556,-38.72,-2.99,-3.34,-0.81,0.31,-14.19,-46.14,7071304496.73,800.12,5.74,Spoofing,7359,"{'ID': 'FP7752', 'Departure': 'Airport_19', 'Arrival': 'Airport_30', 'Planned Altitude': 15400.56, 'Planned Speed': 437.79}","{'Frequency': 2286.4, 'Content': 'Standard', 'Language': 'English'}",Unknown,1,None,DE,Direct Approach,"{'Visibility': 5731.55, 'Wind Speed': 27.23, 'Cloud Cover': 13.19}",Day,Flat,37347.49,19,High,77.41,59.3,76.97,4,SENSOR_15
2025-03-07 19:32:39.784082,-25.34572,-97.357793,10.29,-0.57,-4.82,3.51,-6.71,4.27,-64.32,3627958933.94,24.81,13.7,Spoofing,5126,"{'ID': 'FP5616', 'Departure': 'Airport_6', 'Arrival': 'Airport_12', 'Planned Altitude': 14507.45, 'Planned Speed': 725.06}","{'Frequency': 2754.22, 'Content': 'Standard', 'Language': 'English'}",Unknown,3,V-Formation,FR,Aggressive Maneuvers,"{'Visibility': 16157.13, 'Wind Speed': 17.05, 'Cloud Cover': 29.57}",Twilight,Coastal,29915.22,79,High,80.07,66.29,72.72,3,SENSOR_1
2025-03-07 16:48:12.784082,36.425473,151.01398,-37.59,-1.68,-1.09,-3.81,-8.21,3.03,-58.69,4539120836.96,358.75,23.04,None,2924,"{'ID': 'FP9974', 'Departure': 'Airport_9', 'Arrival': 'Airport_18', 'Planned Altitude': 25915.76, 'Planned Speed': 299.81}","{'Frequency': 920.43, 'Content': 'Encrypted', 'Language': 'English'}",Unknown,6,Line Abreast,RU,Direct Approach,"{'Visibility': 44361.39, 'Wind Speed': 7.79, 'Cloud Cover': 58.04}",Day,Flat,71836.14,32,Medium,84.03,73.99,73.77,3,SENSOR_11
2025-03-07 07:50:05.784082,21.772337,-31.634475,41.47,-0.8,2.39,0.36,-3.71,-7.81,-30.01,3426029367.56,861.08,2.99,Jamming,5818,"{'ID': 'FP6487', 'Departure': 'Airport_35', 'Arrival': 'Airport_5', 'Planned Altitude': 18480.94, 'Planned Speed': 442.28}","{'Frequency': 5362.88, 'Content': 'Standard', 'Language': 'English'}",Unknown,6,None,IN,Direct Approach,"{'Visibility': 47000.59, 'Wind Speed': 23.7, 'Cloud Cover': 86.68}",Night,Mountainous,29572.44,20,High,79.94,54.5,81.34,3,SENSOR_11
2025-03-07 13:36:34.784082,12.551726,-69.17308,-35.13,-2.1,3.03,-3.91,8.0,13.93,-2.93,8123716816.74,924.26,77.98,Unknown,3041,"{'ID': 'FP7205', 'Departure': 'Airport_6', 'Arrival': 'Airport_21', 'Planned Altitude': 30632.72, 'Planned Speed': 895.96}","{'Frequency': 1702.34, 'Content': 'Standard', 'Language': 'English'}",Unknown,1,None,PK,Aggressive Maneuvers,"{'Visibility': 46012.14, 'Wind Speed': 23.58, 'Cloud Cover': 15.53}",Day,Coastal,23796.35,59,High,65.69,86.65,86.91,4,SENSOR_6
2025-03-07 03:46:14.784082,-44.899664,148.518687,46.65,-3.36,2.63,1.42,-4.43,0.6,-32.42,4879840310.08,56.48,26.87,Spoofing,2824,"{'ID': 'FP8535', 'Departure': 'Airport_12', 'Arrival': 'Airport_47', 'Planned Altitude': 27129.01, 'Planned Speed': 649.01}","{'Frequency': 6997.19, 'Content': 'Standard', 'Language': 'English'}",Unarmed,3,Line Abreast,RU,Direct Approach,"{'Visibility': 13779.24, 'Wind Speed': 8.61, 'Cloud Cover': 5.8}",Twilight,Coastal,61934.77,0,Low,73.94,86.87,97.44,2,SENSOR_4
2025-03-07 11:16:57.784082,29.365003,-129.511532,20.43,1.8,-3.73,2.32,-3.25,-5.87,-72.03,7648513812.56,327.28,48.56,Jamming,3334,"{'ID': 'FP6469', 'Departure': 'Airport_8', 'Arrival': 'Airport_20', 'Planned Altitude': 8716.94, 'Planned Speed': 517.24}","{'Frequency': 8744.64, 'Content': 'Standard', 'Language': 'English'}",Armed,5,Line Abreast,CN,Loitering,"{'Visibility': 43080.16, 'Wind Speed': 4.24, 'Cloud Cover': 43.72}",Day,Flat,44528.9,4,Low,85.81,96.36,72.05,5,SENSOR_10
2025-03-07 05:10:43.784082,-8.749297,72.315782,-40.9,0.09,-4.76,1.27,-3.13,18.33,-43.99,7321703625.22,741.99,42.64,None,1618,"{'ID': 'FP1816', 'Departure': 'Airport_5', 'Arrival': 'Airport_26', 'Planned Altitude': 14265.96, 'Planned Speed': 756.37}","{'Frequency': 8461.62, 'Content': 'Standard', 'Language': 'English'}",Unarmed,2,None,FR,Loitering,"{'Visibility': 3359.2, 'Wind Speed': 28.2, 'Cloud Cover': 80.6}",Day,Flat,98648.54,63,High,91.01,92.44,63.78,2,SENSOR_7
2025-03-08 00:07:55.784082,-61.946521,11.900481,-20.75,-0.73,3.31,-2.31,-0.47,18.4,-66.61,2068919286.56,594.33,39.72,Jamming,1606,"{'ID': 'FP3209', 'Departure': 'Airport_49', 'Arrival': 'Airport_40', 'Planned Altitude': 21832.19, 'Planned Speed': 866.19}","{'Frequency': 1490.6, 'Content': 'Standard', 'Language': 'Unknown'}",Unarmed,4,None,DE,Direct Approach,"{'Visibility': 35924.99, 'Wind Speed': 27.9, 'Cloud Cover': 45.71}",Night,Coastal,11580.59,44,Medium,57.0,81.89,86.12,2,SENSOR_12
2025-03-06 23:30:18.784082,42.791653,17.148835,46.17,-2.67,4.46,0.9,-4.96,-12.64,-17.12,3191387763.61,580.68,97.29,Jamming,7829,"{'ID': 'FP9668', 'Departure': 'Airport_38', 'Arrival': 'Airport_9', 'Planned Altitude': 22673.47, 'Planned Speed': 347.55}","{'Frequency': 960.24, 'Content': 'Standard', 'Language': 'English'}",Unarmed,2,Line Abreast,IN,Loitering,"{'Visibility': 47355.32, 'Wind Speed': 17.19, 'Cloud Cover': 25.98}",Night,Flat,79335.75,25,Low,80.65,98.45,54.77,3,SENSOR_17
2025-03-07 20:22:28.784082,2.24792,-125.999592,-35.43,3.87,4.36,3.68,-3.77,-16.1,-10.39,5598741766.15,611.21,90.57,Unknown,8402,"{'ID': 'FP2408', 'Departure': 'Airport_10', 'Arrival': 'Airport_20', 'Planned Altitude': 4031.86, 'Planned Speed': 738.63}","{'Frequency': 4730.94, 'Content': 'Standard', 'Language': 'English'}",Unknown,1,None,IN,Direct Approach,"{'Visibility': 23132.92, 'Wind Speed': 26.34, 'Cloud Cover': 74.96}",Twilight,Flat,19204.06,47,Medium,71.16,60.19,79.07,4,SENSOR_11
2025-03-07 19:53:23.784082,42.822596,-122.123437,-6.47,0.36,1.22,0.51,-1.87,-18.71,-81.99,8816765488.08,705.82,30.98,Jamming,5875,"{'ID': 'FP4859', 'Departure': 'Airport_41', 'Arrival': 'Airport_20', 'Planned Altitude': 4661.14, 'Planned Speed': 261.31}","{'Frequency': 4814.69, 'Content': 'Encrypted', 'Language': 'English'}",Unknown,6,Line Abreast,RU,Loitering,"{'Visibility': 45415.91, 'Wind Speed': 15.11, 'Cloud Cover': 37.59}",Twilight,Mountainous,49715.66,45,Low,86.55,85.0,68.41,1,SENSOR_8
2025-03-07 02:54:36.784082,-86.125414,-67.547968,46.85,-4.92,2.96,-4.75,-3.04,2.29,-57.04,9957935539.41,474.16,46.4,None,9149,"{'ID': 'FP5076', 'Departure': 'Airport_36', 'Arrival': 'Airport_8', 'Planned Altitude': 22463.38, 'Planned Speed': 709.85}","{'Frequency': 7060.68, 'Content': 'Encrypted', 'Language': 'English'}",Unarmed,5,None,DE,Aggressive Maneuvers,"{'Visibility': 13100.76, 'Wind Speed': 17.44, 'Cloud Cover': 73.76}",Night,Flat,21018.25,78,Medium,71.3,85.17,68.71,3,SENSOR_7
2025-03-07 00:39:18.784082,51.770007,19.283462,-4.58,-0.59,3.08,-1.96,-0.39,-4.59,-50.58,1653032294.55,786.45,12.5,None,3517,"{'ID': 'FP8975', 'Departure': 'Airport_38', 'Arrival': 'Airport_38', 'Planned Altitude': 39126.71, 'Planned Speed': 645.34}","{'Frequency': 2900.85, 'Content': 'Standard', 'Language': 'Unknown'}",Unknown,5,None,DE,Direct Approach,"{'Visibility': 12500.88, 'Wind Speed': 18.03, 'Cloud Cover': 46.54}",Twilight,Mountainous,77774.92,1,High,83.64,64.6,58.86,5,SENSOR_19
2025-03-07 16:25:37.784082,-14.75568,85.736415,-31.93,4.13,-4.11,0.21,-6.63,12.5,-35.98,1518300677.43,730.27,20.46,Jamming,9774,"{'ID': 'FP5696', 'Departure': 'Airport_45', 'Arrival': 'Airport_46', 'Planned Altitude': 16309.13, 'Planned Speed': 296.71}","{'Frequency': 808.15, 'Content': 'Standard', 'Language': 'Unknown'}",Armed,5,Echelon,FR,Loitering,"{'Visibility': 26618.44, 'Wind Speed': 2.14, 'Cloud Cover': 54.1}",Twilight,Coastal,68281.18,35,High,70.88,86.9,89.07,1,SENSOR_12
2025-03-07 00:31:31.784082,24.622859,-69.36572,46.73,-0.58,2.58,-1.48,6.53,18.5,-68.06,2263018405.47,835.15,57.77,Spoofing,6240,"{'ID': 'FP3519', 'Departure': 'Airport_22', 'Arrival': 'Airport_17', 'Planned Altitude': 38710.41, 'Planned Speed': 283.74}","{'Frequency': 2249.57, 'Content': 'Encrypted', 'Language': 'English'}",Armed,3,Echelon,KR,Direct Approach,"{'Visibility': 11455.23, 'Wind Speed': 21.3, 'Cloud Cover': 16.25}",Day,Flat,32465.79,88,High,65.2,90.98,87.8,2,SENSOR_2
2025-03-07 06:25:12.784082,45.282671,-11.283921,-8.19,4.66,2.41,1.98,8.61,0.81,-2.15,4736018139.86,834.99,85.35,None,4052,"{'ID': 'FP9119', 'Departure': 'Airport_23', 'Arrival': 'Airport_29', 'Planned Altitude': 16949.63, 'Planned Speed': 757.44}","{'Frequency': 2852.48, 'Content': 'Standard', 'Language': 'English'}",Unknown,4,Line Abreast,DE,Loitering,"{'Visibility': 34872.16, 'Wind Speed': 4.3, 'Cloud Cover': 43.48}",Twilight,Mountainous,90093.58,75,Medium,69.56,93.14,67.88,4,SENSOR_18
2025-03-08 00:36:01.784082,12.585685,49.154035,26.51,-0.92,0.21,-4.33,0.1,-2.95,-66.31,3994036054.22,502.1,63.95,Spoofing,1651,"{'ID': 'FP3645', 'Departure': 'Airport_14', 'Arrival': 'Airport_30', 'Planned Altitude': 28632.06, 'Planned Speed': 390.68}","{'Frequency': 5398.39, 'Content': 'Standard', 'Language': 'English'}",Armed,2,None,DE,Aggressive Maneuvers,"{'Visibility': 26443.73, 'Wind Speed': 12.81, 'Cloud Cover': 45.59}",Night,Flat,28871.59,0,Low,57.9,84.13,96.77,5,SENSOR_20
2025-03-07 06:20:34.784082,35.588668,101.000474,-39.37,1.25,-2.11,-3.2,5.87,4.36,-38.19,8450947946.93,275.11,75.58,None,9590,"{'ID': 'FP8624', 'Departure': 'Airport_49', 'Arrival': 'Airport_19', 'Planned Altitude': 31890.2, 'Planned Speed': 504.35}","{'Frequency': 7958.81, 'Content': 'Encrypted', 'Language': 'English'}",Unknown,5,Line Abreast,IN,Direct Approach,"{'Visibility': 14327.96, 'Wind Speed': 23.73, 'Cloud Cover': 65.02}",Day,Mountainous,15585.94,36,High,59.89,85.79,72.64,5,SENSOR_3
2025-03-07 12:00:53.784082,-3.97759,83.668762,5.19,4.44,0.57,-3.75,-3.58,-7.24,-78.69,3380666573.7,923.88,27.0,Spoofing,5438,"{'ID': 'FP9316', 'Departure': 'Airport_2', 'Arrival': 'Airport_48', 'Planned Altitude': 15543.58, 'Planned Speed': 396.74}","{'Frequency': 1243.62, 'Content': 'Standard', 'Language': 'English'}",Armed,3,V-Formation,CN,Loitering,"{'Visibility': 27181.6, 'Wind Speed': 25.92, 'Cloud Cover': 73.28}",Day,Coastal,58154.32,83,Medium,57.26,65.65,84.34,2,SENSOR_15
2025-03-07 20:54:41.784082,78.674925,62.690251,16.32,-1.37,2.9,1.2,-2.35,13.81,-71.28,2191256456.38,254.95,9.4,None,5911,"{'ID': 'FP5002', 'Departure': 'Airport_3', 'Arrival': 'Airport_24', 'Planned Altitude': 2953.72, 'Planned Speed': 338.86}","{'Frequency': 8291.36, 'Content': 'Standard', 'Language': 'English'}",Armed,4,Line Abreast,FR,Aggressive Maneuvers,"{'Visibility': 46328.29, 'Wind Speed': 16.91, 'Cloud Cover': 78.44}",Day,Flat,86253.44,96,Medium,93.65,77.27,84.06,2,SENSOR_16
2025-03-07 17:10:01.784082,-2.239462,62.593458,-24.04,-4.3,-3.72,2.03,-3.84,-8.75,-67.63,3121336600.24,179.69,43.26,Spoofing,2438,"{'ID': 'FP9088', 'Departure': 'Airport_7', 'Arrival': 'Airport_43', 'Planned Altitude': 39549.37, 'Planned Speed': 466.45}","{'Frequency': 1913.99, 'Content': 'Standard', 'Language': 'English'}",Armed,4,None,CN,Direct Approach,"{'Visibility': 25535.8, 'Wind Speed': 7.99, 'Cloud Cover': 64.12}",Day,Flat,58630.18,26,Medium,75.43,51.69,65.42,2,SENSOR_16
2025-03-07 22:22:37.784082,21.795183,-154.941705,25.69,2.9,3.33,-1.78,-0.96,8.56,-34.94,9186209502.78,958.74,3.3,None,2909,"{'ID': 'FP5569', 'Departure': 'Airport_21', 'Arrival': 'Airport_50', 'Planned Altitude': 11346.27, 'Planned Speed': 887.21}","{'Frequency': 2619.47, 'Content': 'Standard', 'Language': 'English'}",Armed,2,V-Formation,CN,Aggressive Maneuvers,"{'Visibility': 46706.61, 'Wind Speed': 13.81, 'Cloud Cover': 67.27}",Day,Mountainous,9057.81,56,High,81.28,53.74,88.48,5,SENSOR_16
2025-03-07 10:56:13.784082,-11.026202,41.969746,4.84,-0.25,1.53,-4.0,-9.07,-17.11,-7.2,4907778827.04,410.49,45.83,None,5989,"{'ID': 'FP4664', 'Departure': 'Airport_26', 'Arrival': 'Airport_8', 'Planned Altitude': 23354.98, 'Planned Speed': 707.5}","{'Frequency': 3244.07, 'Content': 'Standard', 'Language': 'Unknown'}",Unknown,4,None,FR,Aggressive Maneuvers,"{'Visibility': 43311.69, 'Wind Speed': 12.57, 'Cloud Cover': 13.65}",Twilight,Flat,85726.49,26,High,89.21,88.88,93.12,5,SENSOR_16
2025-03-07 07:18:02.784082,53.589954,-143.410021,-44.23,2.05,-4.76,1.55,-5.69,-8.43,-57.23,7250971888.68,337.34,69.07,Unknown,7774,"{'ID': 'FP5246', 'Departure': 'Airport_23', 'Arrival': 'Airport_9', 'Planned Altitude': 22602.99, 'Planned Speed': 820.79}","{'Frequency': 5451.03, 'Content': 'Standard', 'Language': 'English'}",Unknown,5,Echelon,KR,Loitering,"{'Visibility': 17373.8, 'Wind Speed': 24.85, 'Cloud Cover': 18.52}",Night,Mountainous,47361.34,46,High,54.35,62.28,86.18,1,SENSOR_10
2025-03-07 21:18:48.784082,-51.781161,-133.63818,-34.94,-0.84,-0.83,1.75,2.45,-0.69,-23.26,8557492130.88,174.07,78.57,Jamming,4233,"{'ID': 'FP7955', 'Departure': 'Airport_37', 'Arrival': 'Airport_49', 'Planned Altitude': 3238.06, 'Planned Speed': 661.37}","{'Frequency': 510.89, 'Content': 'Standard', 'Language': 'English'}",Unarmed,3,V-Formation,KR,Aggressive Maneuvers,"{'Visibility': 17869.19, 'Wind Speed': 6.07, 'Cloud Cover': 93.16}",Twilight,Mountainous,20230.51,57,High,56.46,91.23,55.7,2,SENSOR_19
2025-03-08 00:06:05.784082,-64.11956,139.00258,-21.55,2.95,3.19,0.26,-7.69,0.56,-11.25,7487173434.62,372.82,21.2,Spoofing,5111,"{'ID': 'FP4682', 'Departure': 'Airport_15', 'Arrival': 'Airport_31', 'Planned Altitude': 6318.16, 'Planned Speed': 732.04}","{'Frequency': 7545.48, 'Content': 'Encrypted', 'Language': 'English'}",Unarmed,2,Echelon,FR,Aggressive Maneuvers,"{'Visibility': 24249.03, 'Wind Speed': 19.94, 'Cloud Cover': 41.91}",Twilight,Coastal,20828.82,66,Medium,89.07,80.21,50.05,5,SENSOR_16
2025-03-07 05:55:59.784082,50.744543,-154.430228,-39.49,-4.95,-4.25,0.51,3.69,-7.14,-3.69,1991296742.08,7.6,15.57,Jamming,8331,"{'ID': 'FP5702', 'Departure': 'Airport_38', 'Arrival': 'Airport_48', 'Planned Altitude': 2948.21, 'Planned Speed': 239.2}","{'Frequency': 612.25, 'Content': 'Encrypted', 'Language': 'English'}",Unarmed,2,Echelon,UK,Loitering,"{'Visibility': 31161.87, 'Wind Speed': 11.97, 'Cloud Cover': 21.57}",Night,Flat,93124.46,77,High,53.45,53.69,98.76,2,SENSOR_7
2025-03-06 22:56:35.784082,40.264152,122.632786,-8.23,0.94,2.29,-4.51,1.17,13.32,-31.43,3874363156.95,885.6,84.17,None,9146,"{'ID': 'FP1306', 'Departure': 'Airport_28', 'Arrival': 'Airport_8', 'Planned Altitude': 11566.41, 'Planned Speed': 840.97}","{'Frequency': 2059.3, 'Content': 'Standard', 'Language': 'English'}",Armed,4,V-Formation,UK,Direct Approach,"{'Visibility': 35571.95, 'Wind Speed': 16.58, 'Cloud Cover': 56.01}",Twilight,Mountainous,50667.95,46,Low,99.15,95.31,67.34,2,SENSOR_16
2025-03-08 00:50:11.784082,13.385798,71.170789,5.4,-2.18,4.31,0.83,-3.15,-16.56,-30.42,7414346215.54,515.18,46.01,None,4593,"{'ID': 'FP5748', 'Departure': 'Airport_15', 'Arrival': 'Airport_32', 'Planned Altitude': 8980.87, 'Planned Speed': 623.76}","{'Frequency': 5775.99, 'Content': 'Standard', 'Language': 'English'}",Armed,1,None,FR,Loitering,"{'Visibility': 24042.65, 'Wind Speed': 5.25, 'Cloud Cover': 25.15}",Night,Flat,13528.01,16,Low,66.51,59.61,88.48,4,SENSOR_19
2025-03-07 10:29:33.784082,-81.600558,38.559099,45.37,-0.77,-1.38,-1.71,-0.25,-6.39,-6.02,2678883041.07,450.22,58.66,Unknown,3092,"{'ID': 'FP5524', 'Departure': 'Airport_40', 'Arrival': 'Airport_45', 'Planned Altitude': 6335.64, 'Planned Speed': 733.08}","{'Frequency': 8210.18, 'Content': 'Encrypted', 'Language': 'English'}",Unarmed,1,None,FR,Direct Approach,"{'Visibility': 45215.76, 'Wind Speed': 13.44, 'Cloud Cover': 18.12}",Twilight,Coastal,86248.78,68,High,61.4,93.26,85.96,1,SENSOR_13
2025-03-07 09:01:58.784082,-22.31938,24.986204,-17.39,-2.98,2.87,2.38,8.58,2.38,-68.26,5869042229.86,274.29,6.22,Unknown,7372,"{'ID': 'FP9650', 'Departure': 'Airport_29', 'Arrival': 'Airport_45', 'Planned Altitude': 9716.91, 'Planned Speed': 496.91}","{'Frequency': 501.4, 'Content': 'Standard', 'Language': 'English'}",Unarmed,4,None,PK,Aggressive Maneuvers,"{'Visibility': 11711.97, 'Wind Speed': 25.62, 'Cloud Cover': 22.67}",Day,Mountainous,12706.42,90,Medium,66.19,88.69,90.72,2,SENSOR_9
2025-03-07 03:56:26.784082,13.394631,160.519359,-17.43,1.39,0.78,-3.03,7.02,-18.71,-31.22,7505479201.69,154.75,28.0,Spoofing,8769,"{'ID': 'FP2209', 'Departure': 'Airport_12', 'Arrival': 'Airport_5', 'Planned Altitude': 25026.88, 'Planned Speed': 262.98}","{'Frequency': 337.77, 'Content': 'Encrypted', 'Language': 'English'}",Unarmed,2,None,DE,Aggressive Maneuvers,"{'Visibility': 1110.91, 'Wind Speed': 9.94, 'Cloud Cover': 41.33}",Day,Flat,36374.64,35,Medium,81.2,87.12,84.66,5,SENSOR_13
2025-03-07 23:24:08.784082,-53.61867,-89.007172,-36.67,-1.17,-4.02,0.89,-9.42,-3.02,-79.36,8751713272.13,881.42,55.0,Spoofing,3998,"{'ID': 'FP4441', 'Departure': 'Airport_34', 'Arrival': 'Airport_46', 'Planned Altitude': 4736.27, 'Planned Speed': 573.52}","{'Frequency': 4120.53, 'Content': 'Standard', 'Language': 'English'}",Armed,6,None,IN,Direct Approach,"{'Visibility': 38609.17, 'Wind Speed': 9.57, 'Cloud Cover': 58.08}",Day,Flat,96799.31,83,High,65.83,53.56,72.26,4,SENSOR_8
2025-03-07 07:33:36.784082,-61.520659,-62.744685,45.83,2.96,-1.55,2.21,-5.86,-1.51,-53.49,3445439547.44,389.72,62.01,Unknown,2337,"{'ID': 'FP1125', 'Departure': 'Airport_1', 'Arrival': 'Airport_32', 'Planned Altitude': 20361.92, 'Planned Speed': 730.79}","{'Frequency': 7137.67, 'Content': 'Standard', 'Language': 'English'}",Unknown,6,None,RU,Aggressive Maneuvers,"{'Visibility': 21210.14, 'Wind Speed': 13.47, 'Cloud Cover': 74.52}",Twilight,Flat,6193.87,68,Low,61.02,95.71,89.33,3,SENSOR_10
2025-03-07 09:41:47.784082,24.993388,-116.439993,37.05,-4.8,1.69,-0.97,-5.99,-11.89,-14.8,9356741554.97,214.68,54.86,None,1714,"{'ID': 'FP3303', 'Departure': 'Airport_23', 'Arrival': 'Airport_19', 'Planned Altitude': 34871.0, 'Planned Speed': 241.17}","{'Frequency': 5296.38, 'Content': 'Encrypted', 'Language': 'English'}",Armed,6,None,KR,Direct Approach,"{'Visibility': 8773.09, 'Wind Speed': 27.99, 'Cloud Cover': 80.87}",Night,Coastal,43323.17,64,Low,69.61,92.72,53.51,3,SENSOR_17
2025-03-07 19:43:23.784082,-25.587538,39.166957,21.11,-2.47,-2.76,3.68,-5.3,-10.85,-61.15,3085225250.1,145.85,16.69,Spoofing,8989,"{'ID': 'FP6777', 'Departure': 'Airport_5', 'Arrival': 'Airport_17', 'Planned Altitude': 25766.84, 'Planned Speed': 440.46}","{'Frequency': 1742.89, 'Content': 'Standard', 'Language': 'English'}",Unknown,1,None,IN,Loitering,"{'Visibility': 6751.65, 'Wind Speed': 22.26, 'Cloud Cover': 14.2}",Twilight,Flat,5303.14,75,High,71.6,62.49,86.7,1,SENSOR_4
2025-03-07 09:45:06.784082,71.974034,60.155379,-47.02,4.46,3.61,4.75,-1.42,-1.41,-56.46,1096988792.24,210.92,21.09,Jamming,2436,"{'ID': 'FP8404', 'Departure': 'Airport_15', 'Arrival': 'Airport_20', 'Planned Altitude': 22417.19, 'Planned Speed': 518.69}","{'Frequency': 2468.74, 'Content': 'Encrypted', 'Language': 'English'}",Unknown,6,Echelon,KR,Aggressive Maneuvers,"{'Visibility': 15377.52, 'Wind Speed': 2.6, 'Cloud Cover': 62.17}",Twilight,Flat,78297.5,19,Low,70.63,63.89,81.74,2,SENSOR_7
2025-03-07 15:18:02.784082,42.284145,-110.816534,2.63,-4.36,3.85,-1.09,2.58,15.61,-39.51,8848369499.68,993.45,89.58,Unknown,8465,"{'ID': 'FP7808', 'Departure': 'Airport_44', 'Arrival': 'Airport_49', 'Planned Altitude': 38519.35, 'Planned Speed': 680.11}","{'Frequency': 7520.03, 'Content': 'Standard', 'Language': 'English'}",Armed,3,Echelon,FR,Aggressive Maneuvers,"{'Visibility': 17751.92, 'Wind Speed': 18.36, 'Cloud Cover': 22.2}",Twilight,Coastal,30753.41,51,Low,89.58,95.21,65.86,4,SENSOR_8
2025-03-08 01:47:11.784082,15.114763,-34.172836,-23.13,-2.2,0.66,2.01,-5.59,-19.34,-70.12,6817303656.67,720.08,17.04,None,2023,"{'ID': 'FP8513', 'Departure': 'Airport_9', 'Arrival': 'Airport_30', 'Planned Altitude': 14017.54, 'Planned Speed': 382.76}","{'Frequency': 2461.67, 'Content': 'Encrypted', 'Language': 'English'}",Armed,3,None,US,Loitering,"{'Visibility': 27179.94, 'Wind Speed': 6.47, 'Cloud Cover': 25.14}",Night,Coastal,16516.4,16,Low,76.54,70.94,65.96,3,SENSOR_11
2025-03-07 18:18:57.784082,20.562471,8.398099,-29.7,1.47,-1.03,-0.43,-2.07,-19.47,-38.77,6092147647.46,805.01,28.04,Unknown,7812,"{'ID': 'FP8543', 'Departure': 'Airport_12', 'Arrival': 'Airport_22', 'Planned Altitude': 23136.23, 'Planned Speed': 860.72}","{'Frequency': 2721.66, 'Content': 'Encrypted', 'Language': 'Unknown'}",Unknown,5,Line Abreast,US,Direct Approach,"{'Visibility': 43444.87, 'Wind Speed': 21.97, 'Cloud Cover': 75.0}",Day,Coastal,36670.87,33,High,92.23,89.15,94.02,4,SENSOR_3
2025-03-07 08:12:30.784082,24.909255,7.677715,-43.16,-2.15,-1.17,1.79,5.9,2.12,-56.75,7904733781.67,506.76,94.52,Spoofing,9344,"{'ID': 'FP5732', 'Departure': 'Airport_34', 'Arrival': 'Airport_9', 'Planned Altitude': 31530.42, 'Planned Speed': 446.54}","{'Frequency': 3245.45, 'Content': 'Encrypted', 'Language': 'English'}",Armed,5,None,US,Aggressive Maneuvers,"{'Visibility': 3382.31, 'Wind Speed': 8.75, 'Cloud Cover': 1.58}",Twilight,Flat,41097.44,93,High,69.74,98.51,95.83,4,SENSOR_19
2025-03-07 09:11:48.784082,-12.724782,-82.925844,32.92,0.94,-1.6,0.69,4.91,16.02,-18.72,7020650777.42,66.82,88.65,Spoofing,1111,"{'ID': 'FP2849', 'Departure': 'Airport_31', 'Arrival': 'Airport_36', 'Planned Altitude': 9334.22, 'Planned Speed': 464.62}","{'Frequency': 9527.0, 'Content': 'Standard', 'Language': 'Unknown'}",Unknown,4,None,CN,Direct Approach,"{'Visibility': 26276.93, 'Wind Speed': 17.03, 'Cloud Cover': 33.63}",Twilight,Flat,49564.82,2,High,50.89,89.21,89.0,4,SENSOR_15
2025-03-07 07:32:19.784082,20.026938,72.855103,14.14,0.14,-0.39,-2.86,-6.31,13.19,-19.18,2244618273.57,148.89,96.0,Unknown,1431,"{'ID': 'FP1141', 'Departure': 'Airport_16', 'Arrival': 'Airport_2', 'Planned Altitude': 13773.54, 'Planned Speed': 724.81}","{'Frequency': 9274.42, 'Content': 'Encrypted', 'Language': 'Unknown'}",Armed,2,V-Formation,DE,Loitering,"{'Visibility': 18775.8, 'Wind Speed': 24.72, 'Cloud Cover': 50.37}",Day,Flat,33286.54,90,Low,69.41,54.87,60.73,1,SENSOR_3
2025-03-07 14:34:02.784082,-16.738562,-148.796478,7.59,-2.73,0.25,-4.43,8.37,7.82,-42.54,7181644785.7,48.61,78.66,None,5563,"{'ID': 'FP9360', 'Departure': 'Airport_37', 'Arrival': 'Airport_5', 'Planned Altitude': 24917.68, 'Planned Speed': 872.65}","{'Frequency': 1188.06, 'Content': 'Standard', 'Language': 'Unknown'}",Unknown,3,None,RU,Loitering,"{'Visibility': 28455.34, 'Wind Speed': 14.29, 'Cloud Cover': 37.87}",Day,Coastal,96544.25,4,Medium,93.41,80.38,72.36,5,SENSOR_16
2025-03-08 01:44:49.784082,-31.64563,156.439834,-28.09,-2.1,3.29,-3.49,3.66,12.97,-41.12,9808885486.42,956.76,59.95,Unknown,1399,"{'ID': 'FP2335', 'Departure': 'Airport_22', 'Arrival': 'Airport_23', 'Planned Altitude': 6938.17, 'Planned Speed': 348.21}","{'Frequency': 5735.42, 'Content': 'Standard', 'Language': 'Unknown'}",Armed,3,Line Abreast,IR,Direct Approach,"{'Visibility': 1281.03, 'Wind Speed': 0.16, 'Cloud Cover': 83.02}",Night,Mountainous,79390.94,100,High,53.91,91.33,67.75,1,SENSOR_6
2025-03-07 07:28:43.784082,34.446342,-93.445108,-6.27,-1.39,4.32,2.87,1.93,-12.0,-69.93,5239794643.32,597.54,57.2,Spoofing,1099,"{'ID': 'FP7303', 'Departure': 'Airport_32', 'Arrival': 'Airport_7', 'Planned Altitude': 12607.07, 'Planned Speed': 205.41}","{'Frequency': 2319.77, 'Content': 'Standard', 'Language': 'Unknown'}",Unarmed,4,None,UK,Loitering,"{'Visibility': 39440.28, 'Wind Speed': 19.3, 'Cloud Cover': 8.63}",Twilight,Flat,12431.9,89,Medium,94.55,67.38,55.53,4,SENSOR_15
2025-03-08 00:16:28.784082,-1.922373,-114.011729,14.45,-1.37,3.58,-4.52,-1.45,-7.14,-66.64,3714647694.33,673.32,58.44,Jamming,3931,"{'ID': 'FP2457', 'Departure': 'Airport_20', 'Arrival': 'Airport_47', 'Planned Altitude': 3697.92, 'Planned Speed': 851.98}","{'Frequency': 5248.98, 'Content': 'Standard', 'Language': 'English'}",Armed,2,V-Formation,CN,Direct Approach,"{'Visibility': 32838.84, 'Wind Speed': 17.59, 'Cloud Cover': 11.62}",Twilight,Mountainous,25191.45,100,High,63.49,51.09,84.68,4,SENSOR_11
2025-03-07 20:12:45.784082,-21.757281,36.572641,21.49,1.75,-1.19,-4.51,-1.22,14.19,-90.91,2633392613.03,834.95,21.74,Jamming,5493,"{'ID': 'FP7265', 'Departure': 'Airport_34', 'Arrival': 'Airport_19', 'Planned Altitude': 20507.35, 'Planned Speed': 865.16}","{'Frequency': 1490.95, 'Content': 'Standard', 'Language': 'English'}",Armed,2,V-Formation,RU,Aggressive Maneuvers,"{'Visibility': 29874.95, 'Wind Speed': 26.7, 'Cloud Cover': 42.61}",Twilight,Coastal,9752.5,12,Low,77.56,85.74,98.92,5,SENSOR_8
2025-03-07 08:39:11.784082,67.350494,70.570844,-32.09,-4.99,5.0,0.91,-3.31,-0.51,-69.2,4068031334.44,855.58,69.83,Unknown,7626,"{'ID': 'FP6292', 'Departure': 'Airport_9', 'Arrival': 'Airport_25', 'Planned Altitude': 24091.26, 'Planned Speed': 658.65}","{'Frequency': 2338.56, 'Content': 'Standard', 'Language': 'English'}",Unarmed,4,V-Formation,KR,Loitering,"{'Visibility': 19304.82, 'Wind Speed': 8.8, 'Cloud Cover': 9.35}",Day,Coastal,18189.3,6,Medium,72.59,59.8,71.97,1,SENSOR_12
2025-03-07 20:14:47.784082,40.163193,178.644976,-23.28,1.04,4.68,-4.9,7.3,-0.59,-39.69,5023756010.47,882.92,80.54,None,7248,"{'ID': 'FP2109', 'Departure': 'Airport_8', 'Arrival': 'Airport_40', 'Planned Altitude': 4531.31, 'Planned Speed': 665.2}","{'Frequency': 3021.24, 'Content': 'Standard', 'Language': 'English'}",Armed,5,Line Abreast,CN,Aggressive Maneuvers,"{'Visibility': 43593.74, 'Wind Speed': 15.72, 'Cloud Cover': 33.37}",Day,Mountainous,59402.11,41,Medium,75.76,77.12,70.05,5,SENSOR_7
2025-03-08 00:39:13.784082,-15.54258,-108.490948,18.51,-5.0,-3.21,-2.7,-8.78,-7.83,-93.56,7302656456.89,635.66,2.97,None,5623,"{'ID': 'FP3295', 'Departure': 'Airport_18', 'Arrival': 'Airport_6', 'Planned Altitude': 22343.91, 'Planned Speed': 715.46}","{'Frequency': 2205.19, 'Content': 'Standard', 'Language': 'English'}",Unknown,5,None,FR,Aggressive Maneuvers,"{'Visibility': 2361.96, 'Wind Speed': 2.44, 'Cloud Cover': 50.1}",Day,Coastal,69306.34,63,Low,82.68,68.86,90.7,5,SENSOR_15
2025-03-06 23:19:03.784082,86.330715,29.490962,42.82,-3.79,2.08,-4.31,-8.51,5.85,-76.53,4337710672.16,487.59,42.82,Spoofing,5832,"{'ID': 'FP9343', 'Departure': 'Airport_22', 'Arrival': 'Airport_11', 'Planned Altitude': 18273.92, 'Planned Speed': 454.38}","{'Frequency': 8106.78, 'Content': 'Standard', 'Language': 'English'}",Unarmed,4,None,IR,Loitering,"{'Visibility': 36458.28, 'Wind Speed': 29.49, 'Cloud Cover': 26.61}",Day,Flat,14438.7,69,High,91.08,56.13,86.03,4,SENSOR_4
2025-03-08 01:32:28.784082,-74.850706,125.198035,-25.05,1.01,-0.55,-4.2,6.85,-5.01,-62.67,6026236379.61,6.34,82.47,None,2791,"{'ID': 'FP5217', 'Departure': 'Airport_34', 'Arrival': 'Airport_37', 'Planned Altitude': 22525.43, 'Planned Speed': 311.83}","{'Frequency': 6651.61, 'Content': 'Encrypted', 'Language': 'English'}",Unknown,1,None,FR,Direct Approach,"{'Visibility': 30161.32, 'Wind Speed': 11.78, 'Cloud Cover': 2.56}",Night,Mountainous,1964.78,73,Low,72.07,63.02,88.39,4,SENSOR_12
2025-03-07 19:22:43.784082,-52.510125,149.202666,47.39,-4.4,-2.34,2.74,0.68,9.19,-6.84,9710364966.05,314.7,67.36,Jamming,4587,"{'ID': 'FP1583', 'Departure': 'Airport_32', 'Arrival': 'Airport_8', 'Planned Altitude': 11910.64, 'Planned Speed': 412.0}","{'Frequency': 5665.92, 'Content': 'Encrypted', 'Language': 'English'}",Unknown,4,V-Formation,IN,Direct Approach,"{'Visibility': 15385.0, 'Wind Speed': 16.04, 'Cloud Cover': 18.1}",Night,Flat,68590.16,35,High,74.66,51.72,63.91,5,SENSOR_11
2025-03-07 03:07:44.784082,37.637825,84.521781,31.04,4.23,-3.6,0.9,-6.4,-7.32,-29.63,7367845565.34,363.77,91.6,None,4221,"{'ID': 'FP3265', 'Departure': 'Airport_42', 'Arrival': 'Airport_28', 'Planned Altitude': 7347.07, 'Planned Speed': 376.92}","{'Frequency': 2352.23, 'Content': 'Encrypted', 'Language': 'English'}",Armed,3,Line Abreast,PK,Aggressive Maneuvers,"{'Visibility': 2497.33, 'Wind Speed': 29.33, 'Cloud Cover': 0.16}",Day,Flat,53186.96,60,Medium,79.0,95.04,97.82,1,SENSOR_15
2025-03-07 22:10:28.784082,-66.954586,79.32215,17.1,-3.67,-2.18,3.09,-7.19,-3.41,-97.48,6113197461.14,217.06,9.13,Spoofing,2726,"{'ID': 'FP7943', 'Departure': 'Airport_36', 'Arrival': 'Airport_24', 'Planned Altitude': 37547.5, 'Planned Speed': 338.16}","{'Frequency': 7467.99, 'Content': 'Encrypted', 'Language': 'English'}",Unarmed,1,None,RU,Aggressive Maneuvers,"{'Visibility': 42637.8, 'Wind Speed': 10.72, 'Cloud Cover': 0.76}",Night,Mountainous,13744.89,73,High,95.22,98.03,84.2,5,SENSOR_2
2025-03-07 02:32:29.784082,-34.913672,80.07089,-16.5,-0.88,-4.78,-3.49,5.7,13.47,-53.16,5267041816.41,377.95,7.96,None,2008,"{'ID': 'FP2919', 'Departure': 'Airport_7', 'Arrival': 'Airport_25', 'Planned Altitude': 21872.45, 'Planned Speed': 277.09}","{'Frequency': 5074.61, 'Content': 'Standard', 'Language': 'Unknown'}",Unarmed,2,None,PK,Direct Approach,"{'Visibility': 42687.21, 'Wind Speed': 11.86, 'Cloud Cover': 31.98}",Night,Mountainous,93450.4,61,Medium,78.98,50.42,95.8,2,SENSOR_20
2025-03-06 23:03:56.784082,8.85396,-4.867552,29.99,0.42,-4.68,-4.16,9.94,-19.41,-73.69,9310181609.16,842.14,77.05,Spoofing,1403,"{'ID': 'FP2471', 'Departure': 'Airport_44', 'Arrival': 'Airport_42', 'Planned Altitude': 16303.5, 'Planned Speed': 792.18}","{'Frequency': 5422.17, 'Content': 'Encrypted', 'Language': 'English'}",Unknown,2,Echelon,KR,Loitering,"{'Visibility': 30361.63, 'Wind Speed': 9.01, 'Cloud Cover': 47.75}",Night,Coastal,95303.45,61,Medium,56.32,76.47,72.42,2,SENSOR_5
2025-03-07 04:48:39.784082,49.039167,49.242511,-1.74,-1.53,-3.36,-0.88,5.38,8.28,-27.41,2053413441.14,195.49,45.47,Jamming,2710,"{'ID': 'FP9959', 'Departure': 'Airport_3', 'Arrival': 'Airport_25', 'Planned Altitude': 17582.73, 'Planned Speed': 329.28}","{'Frequency': 3445.67, 'Content': 'Standard', 'Language': 'English'}",Unknown,5,Echelon,UK,Aggressive Maneuvers,"{'Visibility': 47905.35, 'Wind Speed': 6.87, 'Cloud Cover': 72.49}",Day,Coastal,23393.37,20,High,91.93,97.58,80.52,1,SENSOR_15
2025-03-07 07:47:27.784082,11.858308,-171.313514,15.27,-1.08,-0.85,1.9,-5.43,14.75,-49.64,4380826722.49,880.75,63.76,Unknown,2659,"{'ID': 'FP8531', 'Departure': 'Airport_11', 'Arrival': 'Airport_37', 'Planned Altitude': 23405.14, 'Planned Speed': 746.52}","{'Frequency': 7642.39, 'Content': 'Encrypted', 'Language': 'English'}",Armed,5,None,IR,Aggressive Maneuvers,"{'Visibility': 22147.85, 'Wind Speed': 12.03, 'Cloud Cover': 66.79}",Night,Coastal,71074.5,36,Medium,90.06,91.41,59.98,5,SENSOR_1
2025-03-07 10:29:19.784082,15.328861,100.600472,-33.92,-4.98,-4.07,2.15,-4.95,15.59,-91.62,1411278205.55,698.54,31.71,None,6409,"{'ID': 'FP7980', 'Departure': 'Airport_23', 'Arrival': 'Airport_49', 'Planned Altitude': 9177.31, 'Planned Speed': 281.69}","{'Frequency': 1209.91, 'Content': 'Encrypted', 'Language': 'Unknown'}",Unknown,3,Line Abreast,KR,Aggressive Maneuvers,"{'Visibility': 48213.2, 'Wind Speed': 12.83, 'Cloud Cover': 91.95}",Day,Coastal,62363.5,8,Medium,71.48,73.93,66.25,5,SENSOR_16
2025-03-07 07:51:25.784082,59.224655,146.646055,5.06,3.89,-1.5,-1.56,8.56,-18.71,-82.17,2089512789.2,245.18,82.3,Jamming,9164,"{'ID': 'FP7086', 'Departure': 'Airport_23', 'Arrival': 'Airport_27', 'Planned Altitude': 20233.35, 'Planned Speed': 720.19}","{'Frequency': 120.13, 'Content': 'Standard', 'Language': 'Unknown'}",Unknown,6,Line Abreast,IN,Direct Approach,"{'Visibility': 28994.72, 'Wind Speed': 19.85, 'Cloud Cover': 75.38}",Twilight,Coastal,80580.57,9,Medium,60.78,93.27,58.12,5,SENSOR_1
2025-03-08 01:16:16.784082,13.579263,87.021492,-10.68,2.54,3.55,3.63,1.92,19.5,-97.78,6699769926.74,764.85,9.9,Unknown,4353,"{'ID': 'FP6487', 'Departure': 'Airport_44', 'Arrival': 'Airport_20', 'Planned Altitude': 20481.45, 'Planned Speed': 523.15}","{'Frequency': 4967.3, 'Content': 'Encrypted', 'Language': 'English'}",Armed,2,Line Abreast,IN,Aggressive Maneuvers,"{'Visibility': 23599.12, 'Wind Speed': 20.29, 'Cloud Cover': 89.41}",Night,Mountainous,41104.72,94,Low,50.39,97.09,75.94,2,SENSOR_14
2025-03-07 14:31:18.784082,-3.619762,-41.508519,34.63,2.32,-4.62,-2.78,5.11,4.07,-92.87,8908658848.72,131.28,59.22,Spoofing,2863,"{'ID': 'FP7118', 'Departure': 'Airport_8', 'Arrival': 'Airport_34', 'Planned Altitude': 17846.02, 'Planned Speed': 431.71}","{'Frequency': 4332.73, 'Content': 'Encrypted', 'Language': 'English'}",Unknown,1,None,DE,Direct Approach,"{'Visibility': 28386.88, 'Wind Speed': 15.36, 'Cloud Cover': 33.25}",Day,Flat,68193.46,71,Low,84.17,99.2,78.64,1,SENSOR_3
2025-03-06 23:10:59.784082,43.459076,-163.666568,35.42,2.94,-1.21,3.15,5.64,8.32,-91.57,4154961295.27,819.88,35.23,Spoofing,7759,"{'ID': 'FP2978', 'Departure': 'Airport_34', 'Arrival': 'Airport_38', 'Planned Altitude': 20250.62, 'Planned Speed': 556.87}","{'Frequency': 1901.09, 'Content': 'Standard', 'Language': 'English'}",Armed,4,Line Abreast,CN,Direct Approach,"{'Visibility': 30618.88, 'Wind Speed': 18.26, 'Cloud Cover': 20.3}",Day,Flat,97903.47,68,High,56.78,58.88,95.86,3,SENSOR_5
2025-03-07 06:57:14.784082,-61.700689,77.551023,-28.7,-2.09,3.34,-2.71,2.54,-13.75,-38.55,6273189553.19,312.36,28.13,Unknown,7107,"{'ID': 'FP2356', 'Departure': 'Airport_30', 'Arrival': 'Airport_49', 'Planned Altitude': 6585.08, 'Planned Speed': 319.04}","{'Frequency': 8648.48, 'Content': 'Standard', 'Language': 'English'}",Unknown,4,Echelon,CN,Direct Approach,"{'Visibility': 31454.72, 'Wind Speed': 1.57, 'Cloud Cover': 41.78}",Twilight,Coastal,8648.98,11,Medium,81.96,98.38,50.2,4,SENSOR_1
2025-03-06 22:45:51.784082,63.810265,-76.871157,22.2,-1.02,1.44,-3.97,-8.36,11.69,-78.96,2098705223.22,301.43,16.49,Spoofing,4786,"{'ID': 'FP3589', 'Departure': 'Airport_22', 'Arrival': 'Airport_4', 'Planned Altitude': 19924.26, 'Planned Speed': 600.5}","{'Frequency': 6611.4, 'Content': 'Standard', 'Language': 'English'}",Unarmed,6,Line Abreast,IR,Loitering,"{'Visibility': 12242.86, 'Wind Speed': 1.5, 'Cloud Cover': 49.5}",Day,Flat,10805.58,62,Medium,66.42,65.9,75.76,4,SENSOR_12
2025-03-07 07:04:56.784082,-54.707,148.1147,18.57,-4.52,0.21,4.04,0.04,-18.94,-98.07,2474929405.34,624.01,10.12,None,4970,"{'ID': 'FP9835', 'Departure': 'Airport_40', 'Arrival': 'Airport_11', 'Planned Altitude': 8504.27, 'Planned Speed': 439.65}","{'Frequency': 5381.91, 'Content': 'Standard', 'Language': 'English'}",Unknown,5,Echelon,US,Direct Approach,"{'Visibility': 4892.25, 'Wind Speed': 16.0, 'Cloud Cover': 99.01}",Day,Mountainous,16969.97,64,Low,97.09,83.7,81.53,1,SENSOR_16
2025-03-07 04:04:05.784082,59.67035,48.592539,-17.07,2.19,0.54,-3.45,9.61,5.07,-23.58,2177377524.08,640.63,42.76,Spoofing,5573,"{'ID': 'FP5708', 'Departure': 'Airport_35', 'Arrival': 'Airport_43', 'Planned Altitude': 24169.01, 'Planned Speed': 683.85}","{'Frequency': 7647.64, 'Content': 'Encrypted', 'Language': 'English'}",Armed,1,None,CN,Aggressive Maneuvers,"{'Visibility': 9662.17, 'Wind Speed': 13.4, 'Cloud Cover': 5.92}",Day,Coastal,6508.12,45,Low,80.39,65.71,96.98,2,SENSOR_12
2025-03-07 09:43:43.784082,-46.185352,92.317241,43.96,4.52,-4.59,-3.45,-9.53,-11.05,-6.13,2375277557.36,332.02,30.96,Spoofing,5894,"{'ID': 'FP2098', 'Departure': 'Airport_41', 'Arrival': 'Airport_37', 'Planned Altitude': 27787.78, 'Planned Speed': 807.28}","{'Frequency': 3638.95, 'Content': 'Encrypted', 'Language': 'English'}",Armed,2,V-Formation,UK,Loitering,"{'Visibility': 1308.98, 'Wind Speed': 22.74, 'Cloud Cover': 41.21}",Day,Coastal,51124.11,64,Medium,77.72,97.73,93.1,3,SENSOR_18
2025-03-07 19:59:21.784082,63.695664,176.749742,-28.04,0.28,-3.87,-0.22,1.57,9.84,-5.4,4089573504.83,533.63,66.23,Jamming,1620,"{'ID': 'FP5194', 'Departure': 'Airport_40', 'Arrival': 'Airport_9', 'Planned Altitude': 23598.1, 'Planned Speed': 449.47}","{'Frequency': 6246.69, 'Content': 'Standard', 'Language': 'English'}",Unarmed,2,Line Abreast,IR,Aggressive Maneuvers,"{'Visibility': 44218.38, 'Wind Speed': 24.3, 'Cloud Cover': 91.14}",Twilight,Mountainous,15712.22,85,Medium,90.42,74.62,68.61,2,SENSOR_13
2025-03-07 00:34:34.784082,88.475982,-61.463568,-34.62,0.18,2.95,-0.55,-2.25,12.24,-19.51,5013427048.76,956.31,91.51,Unknown,9879,"{'ID': 'FP9306', 'Departure': 'Airport_48', 'Arrival': 'Airport_47', 'Planned Altitude': 26797.67, 'Planned Speed': 399.07}","{'Frequency': 1047.95, 'Content': 'Encrypted', 'Language': 'English'}",Unarmed,6,Echelon,RU,Loitering,"{'Visibility': 34891.61, 'Wind Speed': 17.87, 'Cloud Cover': 76.48}",Day,Coastal,62504.25,73,Low,58.15,55.18,51.52,5,SENSOR_11
2025-03-07 21:42:37.784082,34.58543,-113.015655,-16.06,-1.57,2.47,-1.81,1.05,-2.93,-6.8,3581248349.29,676.25,54.1,Spoofing,2118,"{'ID': 'FP6870', 'Departure': 'Airport_2', 'Arrival': 'Airport_11', 'Planned Altitude': 9687.26, 'Planned Speed': 786.72}","{'Frequency': 5529.04, 'Content': 'Standard', 'Language': 'English'}",Unarmed,4,Line Abreast,FR,Loitering,"{'Visibility': 6414.38, 'Wind Speed': 21.32, 'Cloud Cover': 24.54}",Day,Coastal,60878.07,15,High,55.15,50.53,53.99,5,SENSOR_16
2025-03-07 17:51:20.784082,-44.515676,-21.446004,-11.6,4.51,3.75,3.26,2.67,-14.97,-86.46,2183588673.82,117.63,3.75,Unknown,9749,"{'ID': 'FP2905', 'Departure': 'Airport_44', 'Arrival': 'Airport_15', 'Planned Altitude': 26239.71, 'Planned Speed': 562.69}","{'Frequency': 8490.78, 'Content': 'Standard', 'Language': 'English'}",Unarmed,1,None,FR,Loitering,"{'Visibility': 27105.57, 'Wind Speed': 13.52, 'Cloud Cover': 30.31}",Day,Coastal,52506.33,28,High,61.69,95.93,60.91,1,SENSOR_19
2025-03-07 09:58:15.784082,63.126811,109.499342,36.19,-3.95,3.9,-2.47,6.22,-15.32,-54.6,3038447471.95,139.81,95.37,None,7878,"{'ID': 'FP9478', 'Departure': 'Airport_5', 'Arrival': 'Airport_28', 'Planned Altitude': 17865.58, 'Planned Speed': 379.32}","{'Frequency': 7832.56, 'Content': 'Standard', 'Language': 'English'}",Unknown,2,Echelon,UK,Direct Approach,"{'Visibility': 10258.42, 'Wind Speed': 7.23, 'Cloud Cover': 37.15}",Day,Flat,74257.3,18,Medium,86.74,50.31,90.18,3,SENSOR_10
2025-03-07 17:43:21.784082,-11.142049,-112.25071,-12.59,3.87,-4.45,2.66,-2.38,-13.41,-24.59,8063097011.96,312.42,24.35,Spoofing,7450,"{'ID': 'FP2631', 'Departure': 'Airport_34', 'Arrival': 'Airport_24', 'Planned Altitude': 22889.65, 'Planned Speed': 569.77}","{'Frequency': 8781.71, 'Content': 'Standard', 'Language': 'English'}",Unarmed,4,Echelon,CN,Loitering,"{'Visibility': 45478.14, 'Wind Speed': 8.16, 'Cloud Cover': 5.42}",Twilight,Mountainous,79853.99,96,Medium,56.96,54.38,70.62,4,SENSOR_7
2025-03-07 23:31:08.784082,-14.910006,163.845318,-29.98,-2.04,-1.48,-4.34,-6.67,-13.53,-30.57,5895818806.04,18.0,3.07,Spoofing,3441,"{'ID': 'FP2466', 'Departure': 'Airport_44', 'Arrival': 'Airport_35', 'Planned Altitude': 5890.4, 'Planned Speed': 874.13}","{'Frequency': 5286.09, 'Content': 'Standard', 'Language': 'Unknown'}",Armed,1,None,PK,Aggressive Maneuvers,"{'Visibility': 26530.6, 'Wind Speed': 19.53, 'Cloud Cover': 56.46}",Night,Mountainous,5462.14,6,High,54.33,93.5,80.9,5,SENSOR_12
2025-03-07 23:37:43.784082,19.015608,-34.313552,39.46,-2.89,3.15,-4.71,-4.87,-5.61,-48.21,9001407446.07,813.35,93.16,Unknown,2930,"{'ID': 'FP2774', 'Departure': 'Airport_25', 'Arrival': 'Airport_21', 'Planned Altitude': 23391.44, 'Planned Speed': 247.31}","{'Frequency': 2939.14, 'Content': 'Standard', 'Language': 'English'}",Unknown,2,None,RU,Direct Approach,"{'Visibility': 44970.86, 'Wind Speed': 8.17, 'Cloud Cover': 46.96}",Day,Flat,26129.14,22,Medium,64.67,91.91,97.01,3,SENSOR_8
2025-03-07 13:03:43.784082,85.641983,-111.528534,11.9,-3.75,-0.25,-1.12,7.12,-4.94,-77.39,4107662237.45,650.76,77.49,None,7818,"{'ID': 'FP4032', 'Departure': 'Airport_43', 'Arrival': 'Airport_13', 'Planned Altitude': 30744.0, 'Planned Speed': 562.06}","{'Frequency': 4050.72, 'Content': 'Standard', 'Language': 'English'}",Armed,6,V-Formation,FR,Aggressive Maneuvers,"{'Visibility': 18979.3, 'Wind Speed': 4.77, 'Cloud Cover': 17.35}",Day,Flat,2249.6,61,Medium,58.49,73.13,74.37,1,SENSOR_8
2025-03-07 09:10:06.784082,43.802972,2.338015,37.53,-0.21,-2.29,-1.13,1.76,-13.06,-89.81,3549348184.46,48.18,9.52,None,7322,"{'ID': 'FP9372', 'Departure': 'Airport_43', 'Arrival': 'Airport_21', 'Planned Altitude': 14750.59, 'Planned Speed': 579.27}","{'Frequency': 2129.57, 'Content': 'Encrypted', 'Language': 'English'}",Unarmed,1,None,UK,Aggressive Maneuvers,"{'Visibility': 20217.1, 'Wind Speed': 6.23, 'Cloud Cover': 26.13}",Twilight,Flat,3904.93,59,Medium,63.6,60.35,92.2,2,SENSOR_14
2025-03-07 19:34:09.784082,-79.242753,-63.435091,32.5,-1.19,3.17,3.41,-3.04,-14.67,-33.45,6329256757.57,125.92,96.79,Spoofing,5722,"{'ID': 'FP5408', 'Departure': 'Airport_26', 'Arrival': 'Airport_39', 'Planned Altitude': 27625.72, 'Planned Speed': 740.63}","{'Frequency': 5824.62, 'Content': 'Standard', 'Language': 'English'}",Unarmed,1,None,RU,Direct Approach,"{'Visibility': 23677.37, 'Wind Speed': 23.18, 'Cloud Cover': 80.31}",Twilight,Mountainous,61723.32,23,High,70.23,68.53,96.19,2,SENSOR_12
2025-03-07 05:22:00.784082,-42.758253,75.796095,-36.76,4.8,0.1,-3.09,-3.6,-4.4,-70.99,7071740392.62,996.73,14.86,Jamming,8286,"{'ID': 'FP3574', 'Departure': 'Airport_29', 'Arrival': 'Airport_29', 'Planned Altitude': 30084.95, 'Planned Speed': 242.24}","{'Frequency': 9615.71, 'Content': 'Standard', 'Language': 'English'}",Unarmed,5,Echelon,KR,Aggressive Maneuvers,"{'Visibility': 24379.44, 'Wind Speed': 1.92, 'Cloud Cover': 42.51}",Day,Flat,5008.06,70,Low,92.35,81.15,58.4,4,SENSOR_5
2025-03-07 23:19:24.784082,-8.901909,-72.05231,-34.59,0.26,-4.84,2.25,8.41,-12.46,-50.9,4366190247.88,501.94,57.52,Jamming,7088,"{'ID': 'FP6954', 'Departure': 'Airport_25', 'Arrival': 'Airport_48', 'Planned Altitude': 31835.72, 'Planned Speed': 776.09}","{'Frequency': 1153.94, 'Content': 'Standard', 'Language': 'English'}",Unknown,1,None,FR,Aggressive Maneuvers,"{'Visibility': 46040.76, 'Wind Speed': 29.61, 'Cloud Cover': 36.68}",Twilight,Mountainous,31518.05,62,High,73.16,60.15,52.67,3,SENSOR_10
2025-03-07 17:33:06.784082,-17.53629,-5.81947,-3.76,-3.83,3.25,2.74,2.45,19.99,-57.13,6782131073.64,258.55,46.43,None,7771,"{'ID': 'FP6536', 'Departure': 'Airport_22', 'Arrival': 'Airport_23', 'Planned Altitude': 32388.98, 'Planned Speed': 737.33}","{'Frequency': 2092.22, 'Content': 'Standard', 'Language': 'English'}",Unarmed,1,None,FR,Loitering,"{'Visibility': 25429.54, 'Wind Speed': 23.38, 'Cloud Cover': 10.78}",Day,Flat,26193.38,30,Low,86.91,51.39,62.16,3,SENSOR_1
2025-03-06 22:32:16.784082,87.710756,-175.429115,37.1,-1.84,0.54,-2.91,1.0,-9.2,-87.93,8154420990.53,392.78,23.93,None,6618,"{'ID': 'FP7208', 'Departure': 'Airport_31', 'Arrival': 'Airport_5', 'Planned Altitude': 4241.69, 'Planned Speed': 877.85}","{'Frequency': 698.2, 'Content': 'Standard', 'Language': 'Unknown'}",Armed,4,Echelon,CN,Loitering,"{'Visibility': 23158.41, 'Wind Speed': 14.17, 'Cloud Cover': 41.14}",Day,Coastal,99104.64,99,Medium,66.3,92.03,81.16,5,SENSOR_16
2025-03-07 22:26:33.784082,66.80978,131.490783,-16.14,1.0,3.53,4.65,6.88,13.56,-15.08,1353136197.39,969.9,46.86,Unknown,4483,"{'ID': 'FP4949', 'Departure': 'Airport_11', 'Arrival': 'Airport_5', 'Planned Altitude': 35342.95, 'Planned Speed': 511.03}","{'Frequency': 4791.04, 'Content': 'Encrypted', 'Language': 'English'}",Unknown,6,Echelon,RU,Aggressive Maneuvers,"{'Visibility': 2524.21, 'Wind Speed': 16.74, 'Cloud Cover': 52.37}",Twilight,Coastal,45225.11,100,Medium,79.73,56.34,95.42,2,SENSOR_12
2025-03-07 14:17:14.784082,13.996003,-92.130606,40.16,-0.71,4.77,-3.59,3.73,-7.72,-85.55,3417976434.55,786.59,14.42,None,7700,"{'ID': 'FP2976', 'Departure': 'Airport_9', 'Arrival': 'Airport_7', 'Planned Altitude': 30266.14, 'Planned Speed': 484.0}","{'Frequency': 131.25, 'Content': 'Standard', 'Language': 'English'}",Unarmed,2,None,CN,Aggressive Maneuvers,"{'Visibility': 7924.26, 'Wind Speed': 25.65, 'Cloud Cover': 0.11}",Night,Flat,42962.04,48,High,75.83,81.44,55.49,4,SENSOR_12
2025-03-07 06:52:08.784082,86.479101,-178.94179,-39.73,4.71,-0.72,-1.06,-7.84,19.98,-84.98,8265513183.99,90.55,43.56,None,7365,"{'ID': 'FP5334', 'Departure': 'Airport_10', 'Arrival': 'Airport_5', 'Planned Altitude': 19566.12, 'Planned Speed': 603.63}","{'Frequency': 5688.78, 'Content': 'Standard', 'Language': 'English'}",Unarmed,2,Echelon,PK,Direct Approach,"{'Visibility': 562.22, 'Wind Speed': 11.97, 'Cloud Cover': 7.46}",Twilight,Flat,9652.49,45,Low,59.78,59.48,85.94,1,SENSOR_13
2025-03-07 10:54:56.784082,38.408538,-49.607434,-41.62,3.66,-0.81,1.02,-5.62,4.93,-52.19,2573297462.35,845.27,44.13,Spoofing,3858,"{'ID': 'FP3851', 'Departure': 'Airport_24', 'Arrival': 'Airport_44', 'Planned Altitude': 22020.61, 'Planned Speed': 407.28}","{'Frequency': 7693.84, 'Content': 'Standard', 'Language': 'English'}",Unarmed,1,None,DE,Aggressive Maneuvers,"{'Visibility': 13546.58, 'Wind Speed': 28.0, 'Cloud Cover': 54.9}",Twilight,Flat,54992.65,79,High,56.76,83.27,91.52,2,SENSOR_4
2025-03-07 00:40:41.784082,-2.344782,10.50797,-48.58,3.91,-1.73,0.29,9.93,-4.85,-97.61,4164987186.03,946.4,34.59,None,3118,"{'ID': 'FP9042', 'Departure': 'Airport_50', 'Arrival': 'Airport_29', 'Planned Altitude': 24438.82, 'Planned Speed': 593.97}","{'Frequency': 3816.97, 'Content': 'Standard', 'Language': 'English'}",Armed,2,None,FR,Direct Approach,"{'Visibility': 46970.84, 'Wind Speed': 1.51, 'Cloud Cover': 39.55}",Twilight,Coastal,89819.42,45,Low,73.79,87.78,72.14,1,SENSOR_19
2025-03-07 14:24:40.784082,5.65853,-108.454374,15.49,-2.81,-4.33,1.43,-1.98,9.4,-31.43,2143837768.12,644.07,6.45,Unknown,8761,"{'ID': 'FP1585', 'Departure': 'Airport_40', 'Arrival': 'Airport_7', 'Planned Altitude': 9157.3, 'Planned Speed': 307.47}","{'Frequency': 6543.55, 'Content': 'Standard', 'Language': 'English'}",Unarmed,4,V-Formation,CN,Direct Approach,"{'Visibility': 34012.68, 'Wind Speed': 29.21, 'Cloud Cover': 70.96}",Day,Mountainous,74602.07,94,Low,71.6,71.48,77.04,1,SENSOR_15
2025-03-07 15:49:35.784082,88.132453,73.997305,21.68,-1.05,4.54,-4.29,1.28,3.48,-41.07,7609347073.4,516.04,8.37,Unknown,5908,"{'ID': 'FP6860', 'Departure': 'Airport_2', 'Arrival': 'Airport_39', 'Planned Altitude': 2035.13, 'Planned Speed': 852.19}","{'Frequency': 9593.18, 'Content': 'Standard', 'Language': 'English'}",Unknown,5,None,PK,Loitering,"{'Visibility': 45988.77, 'Wind Speed': 29.65, 'Cloud Cover': 58.65}",Twilight,Flat,42331.84,56,High,68.04,94.22,73.13,1,SENSOR_11
2025-03-07 14:54:30.784082,-87.50767,140.793939,-30.45,-4.1,0.23,4.64,-3.13,8.4,-39.73,3021869604.59,98.93,33.02,None,8963,"{'ID': 'FP7224', 'Departure': 'Airport_46', 'Arrival': 'Airport_50', 'Planned Altitude': 6063.69, 'Planned Speed': 853.72}","{'Frequency': 6104.98, 'Content': 'Standard', 'Language': 'English'}",Unarmed,4,V-Formation,FR,Aggressive Maneuvers,"{'Visibility': 43914.45, 'Wind Speed': 13.64, 'Cloud Cover': 36.28}",Day,Coastal,7510.94,77,Medium,71.6,83.13,62.99,4,SENSOR_6
2025-03-07 05:54:48.784082,-10.374479,-176.438967,-42.33,-1.64,1.54,2.88,6.66,0.46,-40.03,6010131580.13,875.73,7.92,Spoofing,5919,"{'ID': 'FP2472', 'Departure': 'Airport_4', 'Arrival': 'Airport_27', 'Planned Altitude': 21838.14, 'Planned Speed': 286.33}","{'Frequency': 2489.28, 'Content': 'Standard', 'Language': 'English'}",Unknown,5,Echelon,UK,Aggressive Maneuvers,"{'Visibility': 27948.11, 'Wind Speed': 28.59, 'Cloud Cover': 14.69}",Twilight,Flat,18789.13,40,Low,67.62,63.39,78.45,1,SENSOR_20
2025-03-07 11:29:29.784082,-15.621252,-161.583569,-43.17,3.22,-1.1,-3.71,-6.33,-6.32,-39.77,4066059373.41,2.99,14.79,Unknown,1868,"{'ID': 'FP9214', 'Departure': 'Airport_47', 'Arrival': 'Airport_46', 'Planned Altitude': 13030.84, 'Planned Speed': 527.24}","{'Frequency': 7094.75, 'Content': 'Encrypted', 'Language': 'English'}",Unknown,4,V-Formation,RU,Loitering,"{'Visibility': 25645.76, 'Wind Speed': 21.84, 'Cloud Cover': 26.32}",Day,Coastal,15380.59,72,High,99.69,74.14,87.29,1,SENSOR_8
2025-03-07 06:28:52.784082,-13.408608,-1.536553,7.7,-3.9,-1.27,-3.53,0.3,-7.39,-88.65,1985848994.13,81.65,36.08,Spoofing,6733,"{'ID': 'FP4075', 'Departure': 'Airport_16', 'Arrival': 'Airport_50', 'Planned Altitude': 13140.62, 'Planned Speed': 809.25}","{'Frequency': 4442.98, 'Content': 'Standard', 'Language': 'English'}",Unknown,2,Line Abreast,IR,Direct Approach,"{'Visibility': 5164.99, 'Wind Speed': 29.76, 'Cloud Cover': 83.53}",Day,Mountainous,79606.5,61,High,65.69,62.14,87.48,2,SENSOR_5
2025-03-07 08:10:25.784082,-49.218764,132.814861,-9.34,-0.47,3.81,-3.68,-9.49,-18.23,-43.18,2868315033.55,221.2,57.45,Spoofing,6994,"{'ID': 'FP1352', 'Departure': 'Airport_29', 'Arrival': 'Airport_45', 'Planned Altitude': 38247.34, 'Planned Speed': 398.46}","{'Frequency': 4533.96, 'Content': 'Standard', 'Language': 'English'}",Unknown,4,Echelon,IR,Aggressive Maneuvers,"{'Visibility': 33733.98, 'Wind Speed': 1.28, 'Cloud Cover': 9.55}",Twilight,Mountainous,58705.42,69,Low,54.98,96.14,89.13,3,SENSOR_20
2025-03-07 20:22:14.784082,-86.316293,-18.971666,-5.74,4.29,0.41,-2.73,-0.79,6.92,-77.01,8485526702.37,984.13,77.59,None,2986,"{'ID': 'FP8807', 'Departure': 'Airport_43', 'Arrival': 'Airport_50', 'Planned Altitude': 37345.46, 'Planned Speed': 598.29}","{'Frequency': 1944.77, 'Content': 'Standard', 'Language': 'Unknown'}",Unarmed,4,Line Abreast,IR,Direct Approach,"{'Visibility': 31657.22, 'Wind Speed': 16.62, 'Cloud Cover': 65.88}",Night,Coastal,4292.5,91,High,77.47,90.77,79.03,5,SENSOR_11
2025-03-08 01:59:25.784082,49.095732,-148.354204,23.0,-2.04,2.15,1.74,-1.86,-6.78,-20.17,8676605716.2,611.69,33.05,Spoofing,4110,"{'ID': 'FP3239', 'Departure': 'Airport_29', 'Arrival': 'Airport_17', 'Planned Altitude': 10043.33, 'Planned Speed': 788.83}","{'Frequency': 2053.76, 'Content': 'Standard', 'Language': 'English'}",Unknown,5,Line Abreast,DE,Loitering,"{'Visibility': 13465.08, 'Wind Speed': 24.76, 'Cloud Cover': 45.28}",Twilight,Coastal,35606.11,30,High,73.22,71.2,92.16,5,SENSOR_19
2025-03-07 19:15:17.784082,88.492324,-163.643671,5.8,0.63,-2.96,3.96,2.66,-9.68,-49.56,1275832320.68,297.97,79.04,Unknown,9734,"{'ID': 'FP1226', 'Departure': 'Airport_5', 'Arrival': 'Airport_16', 'Planned Altitude': 5282.08, 'Planned Speed': 457.71}","{'Frequency': 5523.91, 'Content': 'Standard', 'Language': 'English'}",Unarmed,5,Line Abreast,IN,Aggressive Maneuvers,"{'Visibility': 42919.49, 'Wind Speed': 0.65, 'Cloud Cover': 34.07}",Day,Flat,34383.83,31,Low,64.53,85.44,76.44,1,SENSOR_18
2025-03-07 07:46:15.784082,5.305196,40.858615,-3.54,0.69,-0.67,-1.68,8.64,9.16,-75.91,7360159866.26,103.08,52.61,Unknown,7432,"{'ID': 'FP7119', 'Departure': 'Airport_22', 'Arrival': 'Airport_31', 'Planned Altitude': 33487.54, 'Planned Speed': 281.96}","{'Frequency': 6520.31, 'Content': 'Encrypted', 'Language': 'English'}",Armed,1,None,PK,Aggressive Maneuvers,"{'Visibility': 18504.94, 'Wind Speed': 7.75, 'Cloud Cover': 82.21}",Day,Coastal,26662.14,5,Medium,83.74,55.02,72.09,2,SENSOR_11
2025-03-07 07:36:03.784082,12.759025,147.134008,40.47,-1.06,-4.37,-1.17,-7.52,-4.98,-33.9,1324184421.22,583.88,97.49,Spoofing,5764,"{'ID': 'FP5697', 'Departure': 'Airport_37', 'Arrival': 'Airport_19', 'Planned Altitude': 6961.68, 'Planned Speed': 314.07}","{'Frequency': 9787.9, 'Content': 'Standard', 'Language': 'English'}",Unarmed,1,None,CN,Loitering,"{'Visibility': 44833.48, 'Wind Speed': 17.86, 'Cloud Cover': 17.7}",Day,Mountainous,22373.23,70,Low,89.31,87.94,72.46,4,SENSOR_11
2025-03-07 00:18:07.784082,47.156734,135.759126,-7.77,-1.27,3.29,3.33,6.53,-11.38,-2.49,1770740679.64,372.36,57.19,Unknown,2736,"{'ID': 'FP4257', 'Departure': 'Airport_17', 'Arrival': 'Airport_8', 'Planned Altitude': 31261.74, 'Planned Speed': 355.22}","{'Frequency': 3344.43, 'Content': 'Standard', 'Language': 'English'}",Unarmed,6,Line Abreast,KR,Aggressive Maneuvers,"{'Visibility': 24489.28, 'Wind Speed': 6.88, 'Cloud Cover': 7.22}",Twilight,Flat,19765.49,85,Low,53.32,89.66,52.57,3,SENSOR_9
2025-03-08 01:38:01.784082,-76.135364,-94.537464,13.81,1.32,3.94,2.61,0.34,1.83,-78.32,7647835520.73,41.11,90.02,None,5603,"{'ID': 'FP2671', 'Departure': 'Airport_9', 'Arrival': 'Airport_11', 'Planned Altitude': 35509.88, 'Planned Speed': 512.13}","{'Frequency': 6765.13, 'Content': 'Standard', 'Language': 'English'}",Unknown,5,V-Formation,KR,Loitering,"{'Visibility': 16855.13, 'Wind Speed': 3.21, 'Cloud Cover': 73.81}",Night,Coastal,84805.44,90,High,62.52,59.82,97.35,2,SENSOR_2
2025-03-07 07:11:42.784082,-17.511514,-28.571348,-39.5,-2.5,2.58,-2.12,0.75,-17.62,-87.53,3776240351.74,807.99,32.43,Spoofing,8854,"{'ID': 'FP4955', 'Departure': 'Airport_8', 'Arrival': 'Airport_35', 'Planned Altitude': 16681.37, 'Planned Speed': 880.04}","{'Frequency': 8987.99, 'Content': 'Standard', 'Language': 'English'}",Unarmed,6,Line Abreast,CN,Direct Approach,"{'Visibility': 24341.85, 'Wind Speed': 17.31, 'Cloud Cover': 31.23}",Day,Flat,52654.42,92,Low,81.21,81.06,79.94,4,SENSOR_18
2025-03-07 22:17:27.784082,-61.92229,-23.818237,-10.63,0.86,2.17,0.75,-5.2,-3.55,-98.43,2559380384.72,840.92,39.14,Unknown,7869,"{'ID': 'FP7560', 'Departure': 'Airport_17', 'Arrival': 'Airport_43', 'Planned Altitude': 7438.64, 'Planned Speed': 655.18}","{'Frequency': 6338.02, 'Content': 'Standard', 'Language': 'English'}",Unarmed,5,V-Formation,PK,Loitering,"{'Visibility': 11491.23, 'Wind Speed': 27.78, 'Cloud Cover': 39.6}",Night,Flat,16733.22,66,Low,54.9,87.71,51.76,4,SENSOR_5
2025-03-07 17:52:48.784082,23.119438,-174.89826,29.77,4.83,3.19,0.95,6.87,2.23,-80.24,3556597575.45,311.16,26.54,Unknown,8967,"{'ID': 'FP5063', 'Departure': 'Airport_48', 'Arrival': 'Airport_10', 'Planned Altitude': 25110.66, 'Planned Speed': 808.29}","{'Frequency': 9324.09, 'Content': 'Standard', 'Language': 'English'}",Unknown,1,None,IN,Loitering,"{'Visibility': 42032.35, 'Wind Speed': 24.21, 'Cloud Cover': 59.61}",Night,Mountainous,71219.42,69,Low,73.88,77.38,77.69,2,SENSOR_4
2025-03-07 09:36:56.784082,-51.985988,-129.168259,-5.86,2.28,4.42,-1.07,3.46,-16.42,-22.16,2190362429.37,146.29,3.82,None,3501,"{'ID': 'FP2285', 'Departure': 'Airport_41', 'Arrival': 'Airport_7', 'Planned Altitude': 7700.99, 'Planned Speed': 515.25}","{'Frequency': 7792.77, 'Content': 'Standard', 'Language': 'English'}",Armed,3,V-Formation,RU,Loitering,"{'Visibility': 15164.11, 'Wind Speed': 17.72, 'Cloud Cover': 76.21}",Twilight,Flat,20380.74,90,High,95.48,85.16,68.82,1,SENSOR_6
2025-03-08 00:39:49.784082,-62.598294,32.649695,-9.43,1.48,-2.35,-3.5,8.03,15.54,-65.58,9888717225.07,735.32,46.42,Unknown,2353,"{'ID': 'FP2552', 'Departure': 'Airport_9', 'Arrival': 'Airport_5', 'Planned Altitude': 30588.82, 'Planned Speed': 750.99}","{'Frequency': 8147.93, 'Content': 'Standard', 'Language': 'English'}",Armed,6,V-Formation,RU,Loitering,"{'Visibility': 8499.67, 'Wind Speed': 19.01, 'Cloud Cover': 32.01}",Twilight,Coastal,2333.43,64,Low,96.92,59.59,81.86,4,SENSOR_1
2025-03-07 18:58:21.784082,86.672902,-42.977125,16.0,1.17,3.65,-3.29,-0.7,-5.92,-6.32,8655971739.42,236.46,88.9,Spoofing,5290,"{'ID': 'FP1100', 'Departure': 'Airport_15', 'Arrival': 'Airport_6', 'Planned Altitude': 31318.08, 'Planned Speed': 493.79}","{'Frequency': 9529.71, 'Content': 'Standard', 'Language': 'English'}",Armed,2,Echelon,KR,Aggressive Maneuvers,"{'Visibility': 37292.17, 'Wind Speed': 28.68, 'Cloud Cover': 51.21}",Night,Mountainous,97658.89,64,High,56.85,82.4,68.31,1,SENSOR_11
2025-03-07 04:27:17.784082,9.897946,98.64197,-43.02,-0.45,3.54,-3.81,9.54,6.8,-94.27,7317096187.11,512.22,11.7,Unknown,3180,"{'ID': 'FP6934', 'Departure': 'Airport_38', 'Arrival': 'Airport_16', 'Planned Altitude': 26369.55, 'Planned Speed': 738.81}","{'Frequency': 3908.18, 'Content': 'Encrypted', 'Language': 'Unknown'}",Unknown,5,None,DE,Loitering,"{'Visibility': 3862.16, 'Wind Speed': 8.47, 'Cloud Cover': 53.07}",Day,Mountainous,23494.08,7,High,57.16,97.4,91.02,3,SENSOR_4
2025-03-07 21:45:20.784082,29.473925,-85.300653,25.87,4.76,-2.38,-0.11,-2.65,-15.48,-60.83,2981069727.78,827.17,84.02,Unknown,9672,"{'ID': 'FP3337', 'Departure': 'Airport_29', 'Arrival': 'Airport_33', 'Planned Altitude': 38024.49, 'Planned Speed': 617.37}","{'Frequency': 6623.25, 'Content': 'Encrypted', 'Language': 'English'}",Unarmed,2,V-Formation,US,Aggressive Maneuvers,"{'Visibility': 24414.89, 'Wind Speed': 29.22, 'Cloud Cover': 33.68}",Day,Mountainous,75255.33,100,Low,81.77,77.21,58.49,3,SENSOR_10
2025-03-07 04:49:33.784082,-72.892282,-106.575353,-30.87,-1.48,-1.73,1.5,-6.49,9.41,-57.54,6373268118.63,780.32,26.08,Spoofing,4353,"{'ID': 'FP2102', 'Departure': 'Airport_24', 'Arrival': 'Airport_19', 'Planned Altitude': 21266.29, 'Planned Speed': 746.45}","{'Frequency': 4075.62, 'Content': 'Standard', 'Language': 'English'}",Armed,3,V-Formation,IN,Loitering,"{'Visibility': 15219.91, 'Wind Speed': 23.06, 'Cloud Cover': 88.4}",Twilight,Flat,34498.42,83,Medium,85.23,70.22,59.68,1,SENSOR_11
2025-03-07 21:30:30.784082,57.638641,-143.942892,40.95,2.34,-1.34,1.44,0.07,-10.27,-34.44,1696970472.64,545.56,39.95,Spoofing,5799,"{'ID': 'FP6278', 'Departure': 'Airport_34', 'Arrival': 'Airport_15', 'Planned Altitude': 24260.9, 'Planned Speed': 715.71}","{'Frequency': 1051.22, 'Content': 'Standard', 'Language': 'English'}",Unknown,3,V-Formation,IR,Direct Approach,"{'Visibility': 18777.84, 'Wind Speed': 13.27, 'Cloud Cover': 93.8}",Twilight,Coastal,44668.65,92,Medium,82.24,99.03,54.69,2,SENSOR_18
2025-03-07 09:44:41.784082,-36.813815,-125.157016,-23.18,-2.42,0.76,1.04,5.39,-18.97,-25.34,6097808790.56,317.66,85.35,None,3329,"{'ID': 'FP9842', 'Departure': 'Airport_39', 'Arrival': 'Airport_34', 'Planned Altitude': 32660.12, 'Planned Speed': 833.72}","{'Frequency': 4601.97, 'Content': 'Encrypted', 'Language': 'English'}",Unarmed,5,Line Abreast,UK,Aggressive Maneuvers,"{'Visibility': 22958.67, 'Wind Speed': 15.14, 'Cloud Cover': 0.67}",Night,Flat,58217.7,12,Low,52.7,94.19,61.43,1,SENSOR_6
2025-03-07 15:47:54.784082,-56.55167,122.30692,-23.27,-1.17,-2.34,-0.64,-9.42,6.65,-74.17,7106338543.41,292.82,27.45,None,6469,"{'ID': 'FP7214', 'Departure': 'Airport_37', 'Arrival': 'Airport_22', 'Planned Altitude': 15534.15, 'Planned Speed': 858.15}","{'Frequency': 6418.32, 'Content': 'Standard', 'Language': 'Unknown'}",Unknown,1,None,IR,Aggressive Maneuvers,"{'Visibility': 16319.56, 'Wind Speed': 4.09, 'Cloud Cover': 47.8}",Night,Coastal,22726.99,45,Medium,51.23,82.61,63.11,1,SENSOR_14
2025-03-07 03:31:00.784082,20.544045,-150.676258,25.6,3.83,1.93,0.16,2.21,-1.73,-8.4,5313563154.92,897.44,59.69,Spoofing,5241,"{'ID': 'FP1557', 'Departure': 'Airport_2', 'Arrival': 'Airport_47', 'Planned Altitude': 34277.27, 'Planned Speed': 229.1}","{'Frequency': 3498.19, 'Content': 'Standard', 'Language': 'English'}",Unarmed,1,None,IN,Loitering,"{'Visibility': 49555.38, 'Wind Speed': 6.98, 'Cloud Cover': 49.25}",Day,Coastal,39554.67,18,High,66.72,78.96,85.51,4,SENSOR_17
2025-03-06 22:55:44.784082,25.431908,-88.446989,-2.93,-1.87,-0.29,-2.55,2.66,14.94,-43.49,5874395907.42,132.96,18.97,Spoofing,8452,"{'ID': 'FP9935', 'Departure': 'Airport_36', 'Arrival': 'Airport_44', 'Planned Altitude': 19140.82, 'Planned Speed': 559.38}","{'Frequency': 9837.92, 'Content': 'Standard', 'Language': 'English'}",Armed,1,None,DE,Loitering,"{'Visibility': 17705.24, 'Wind Speed': 20.35, 'Cloud Cover': 87.2}",Day,Coastal,97938.74,34,Low,64.55,91.03,93.44,4,SENSOR_3
2025-03-07 14:07:11.784082,-17.529728,-114.844239,-12.19,-2.15,-0.76,1.41,-3.45,-17.52,-5.22,5991671536.5,893.22,40.24,Unknown,4957,"{'ID': 'FP3006', 'Departure': 'Airport_34', 'Arrival': 'Airport_33', 'Planned Altitude': 33561.54, 'Planned Speed': 533.67}","{'Frequency': 4094.23, 'Content': 'Standard', 'Language': 'English'}",Armed,5,None,RU,Aggressive Maneuvers,"{'Visibility': 21586.24, 'Wind Speed': 11.79, 'Cloud Cover': 82.57}",Day,Mountainous,9721.0,19,Medium,94.98,85.51,61.42,1,SENSOR_2
2025-03-07 05:33:55.784082,18.059773,105.175837,-13.88,3.17,3.03,-4.16,-3.77,-13.98,-0.15,4620523113.46,789.78,55.28,Spoofing,8759,"{'ID': 'FP6077', 'Departure': 'Airport_11', 'Arrival': 'Airport_4', 'Planned Altitude': 28606.81, 'Planned Speed': 750.24}","{'Frequency': 2067.71, 'Content': 'Encrypted', 'Language': 'English'}",Unknown,2,V-Formation,UK,Direct Approach,"{'Visibility': 14157.17, 'Wind Speed': 20.91, 'Cloud Cover': 27.79}",Night,Mountainous,58819.75,42,Medium,77.76,85.47,50.84,3,SENSOR_17
2025-03-06 23:25:03.784082,-65.26175,175.141816,46.24,-0.88,-2.27,-4.55,0.3,3.7,-3.19,5839859041.25,58.83,48.11,Jamming,3557,"{'ID': 'FP2214', 'Departure': 'Airport_36', 'Arrival': 'Airport_49', 'Planned Altitude': 25584.57, 'Planned Speed': 713.04}","{'Frequency': 4817.37, 'Content': 'Standard', 'Language': 'Unknown'}",Unarmed,1,None,FR,Loitering,"{'Visibility': 42019.87, 'Wind Speed': 2.99, 'Cloud Cover': 4.96}",Night,Mountainous,91306.56,60,Low,51.79,75.92,59.74,3,SENSOR_19
2025-03-07 05:42:39.784082,-4.460611,68.337441,36.53,4.1,-2.18,1.4,-3.05,-16.04,-77.29,5931533297.53,584.48,30.45,None,3234,"{'ID': 'FP6303', 'Departure': 'Airport_35', 'Arrival': 'Airport_14', 'Planned Altitude': 24716.73, 'Planned Speed': 244.68}","{'Frequency': 5232.01, 'Content': 'Encrypted', 'Language': 'English'}",Unarmed,1,None,CN,Direct Approach,"{'Visibility': 12746.18, 'Wind Speed': 0.4, 'Cloud Cover': 55.17}",Twilight,Mountainous,36395.37,87,Medium,65.52,85.66,50.49,4,SENSOR_20
2025-03-07 12:24:02.784082,69.222535,-90.948431,34.14,2.44,0.14,2.38,1.77,8.81,-84.31,4872358141.37,60.68,3.02,Jamming,3715,"{'ID': 'FP3956', 'Departure': 'Airport_49', 'Arrival': 'Airport_19', 'Planned Altitude': 24208.75, 'Planned Speed': 710.0}","{'Frequency': 7056.48, 'Content': 'Encrypted', 'Language': 'Unknown'}",Unknown,4,V-Formation,UK,Direct Approach,"{'Visibility': 14216.13, 'Wind Speed': 6.85, 'Cloud Cover': 54.45}",Twilight,Coastal,25542.37,3,Medium,93.08,99.02,73.23,3,SENSOR_7
2025-03-07 14:09:00.784082,-89.577227,52.851405,0.55,1.91,-3.27,-2.07,3.25,-17.11,-41.39,2120491636.87,851.61,86.51,None,3961,"{'ID': 'FP6960', 'Departure': 'Airport_12', 'Arrival': 'Airport_36', 'Planned Altitude': 1149.53, 'Planned Speed': 508.62}","{'Frequency': 5937.5, 'Content': 'Encrypted', 'Language': 'Unknown'}",Unarmed,6,Echelon,IR,Aggressive Maneuvers,"{'Visibility': 7288.74, 'Wind Speed': 25.23, 'Cloud Cover': 28.57}",Twilight,Mountainous,92281.17,8,Low,66.52,92.37,56.11,2,SENSOR_6
2025-03-07 16:19:35.784082,39.1927,93.607189,-7.29,-3.97,-3.24,1.42,-2.35,1.21,-80.29,1644128965.68,999.12,53.45,None,3120,"{'ID': 'FP8024', 'Departure': 'Airport_4', 'Arrival': 'Airport_22', 'Planned Altitude': 32396.72, 'Planned Speed': 834.77}","{'Frequency': 6028.74, 'Content': 'Encrypted', 'Language': 'Unknown'}",Unknown,6,Echelon,IN,Aggressive Maneuvers,"{'Visibility': 6265.71, 'Wind Speed': 11.38, 'Cloud Cover': 93.23}",Twilight,Flat,27907.91,23,Low,76.31,68.88,86.31,4,SENSOR_1
2025-03-07 02:24:59.784082,-75.439341,-69.679106,6.69,4.03,0.56,-1.64,-5.35,13.77,-67.47,6005545204.52,352.57,92.53,Unknown,2345,"{'ID': 'FP1944', 'Departure': 'Airport_36', 'Arrival': 'Airport_4', 'Planned Altitude': 15208.42, 'Planned Speed': 331.41}","{'Frequency': 2746.59, 'Content': 'Encrypted', 'Language': 'English'}",Unknown,2,V-Formation,IR,Aggressive Maneuvers,"{'Visibility': 19517.77, 'Wind Speed': 5.75, 'Cloud Cover': 12.71}",Day,Mountainous,15084.57,36,Medium,88.04,68.98,54.46,3,SENSOR_7
2025-03-07 09:34:41.784082,-88.052345,-95.307281,18.11,-1.84,-1.88,-1.27,1.39,-4.35,-76.94,2056538657.92,786.04,68.52,Spoofing,9786,"{'ID': 'FP2057', 'Departure': 'Airport_4', 'Arrival': 'Airport_21', 'Planned Altitude': 18574.1, 'Planned Speed': 207.25}","{'Frequency': 3394.98, 'Content': 'Standard', 'Language': 'English'}",Unknown,5,None,US,Aggressive Maneuvers,"{'Visibility': 2404.5, 'Wind Speed': 28.7, 'Cloud Cover': 79.3}",Night,Mountainous,64891.2,13,Low,53.23,80.2,93.4,4,SENSOR_16
2025-03-07 19:07:35.784082,27.352719,-68.676275,37.31,3.03,-2.86,-3.24,-7.39,-2.57,-96.03,6584991916.44,30.04,70.7,Spoofing,8244,"{'ID': 'FP2659', 'Departure': 'Airport_33', 'Arrival': 'Airport_21', 'Planned Altitude': 37873.98, 'Planned Speed': 719.43}","{'Frequency': 7339.13, 'Content': 'Encrypted', 'Language': 'English'}",Armed,4,Line Abreast,IN,Aggressive Maneuvers,"{'Visibility': 38718.36, 'Wind Speed': 9.95, 'Cloud Cover': 89.89}",Night,Mountainous,43544.52,70,High,54.91,88.76,89.12,4,SENSOR_16
2025-03-07 18:12:29.784082,-23.853601,118.960987,16.01,-1.47,-3.5,0.52,2.66,0.76,-8.94,8049444470.55,263.24,56.68,Jamming,9751,"{'ID': 'FP6822', 'Departure': 'Airport_32', 'Arrival': 'Airport_23', 'Planned Altitude': 26669.0, 'Planned Speed': 808.2}","{'Frequency': 2284.17, 'Content': 'Standard', 'Language': 'English'}",Armed,5,None,PK,Aggressive Maneuvers,"{'Visibility': 12737.57, 'Wind Speed': 14.59, 'Cloud Cover': 96.79}",Twilight,Flat,58746.07,58,High,57.49,84.35,57.04,1,SENSOR_15
2025-03-07 05:37:41.784082,74.116601,150.006305,13.48,-2.69,-1.79,-1.35,-0.54,0.71,-80.01,9678964120.83,888.7,6.6,Spoofing,4815,"{'ID': 'FP4850', 'Departure': 'Airport_2', 'Arrival': 'Airport_17', 'Planned Altitude': 9684.34, 'Planned Speed': 827.01}","{'Frequency': 9349.33, 'Content': 'Encrypted', 'Language': 'English'}",Unarmed,6,V-Formation,US,Aggressive Maneuvers,"{'Visibility': 1297.41, 'Wind Speed': 28.81, 'Cloud Cover': 84.83}",Night,Coastal,89293.06,56,Medium,62.37,98.81,52.25,5,SENSOR_1
2025-03-07 10:02:11.784082,47.189114,71.088818,-47.66,0.25,4.09,1.64,7.38,8.91,-84.34,9915679246.74,674.7,90.74,None,7687,"{'ID': 'FP8848', 'Departure': 'Airport_9', 'Arrival': 'Airport_43', 'Planned Altitude': 21052.1, 'Planned Speed': 382.17}","{'Frequency': 2987.03, 'Content': 'Encrypted', 'Language': 'Unknown'}",Unknown,5,Line Abreast,RU,Aggressive Maneuvers,"{'Visibility': 12981.08, 'Wind Speed': 5.38, 'Cloud Cover': 19.1}",Night,Flat,33664.57,56,Medium,94.8,93.76,69.07,2,SENSOR_10
2025-03-06 22:29:21.784082,-24.980834,129.491477,-41.14,4.13,2.83,1.22,-3.12,-12.47,-4.08,3063749728.22,952.71,41.97,Jamming,4887,"{'ID': 'FP3168', 'Departure': 'Airport_11', 'Arrival': 'Airport_48', 'Planned Altitude': 34631.29, 'Planned Speed': 227.59}","{'Frequency': 6555.49, 'Content': 'Encrypted', 'Language': 'English'}",Unknown,3,V-Formation,KR,Loitering,"{'Visibility': 44998.86, 'Wind Speed': 21.45, 'Cloud Cover': 97.83}",Day,Mountainous,43816.29,91,Medium,75.08,90.18,85.31,2,SENSOR_5
2025-03-06 23:35:30.784082,39.604163,-37.020248,33.57,4.03,-2.35,-4.98,8.96,6.46,-75.47,7930694590.12,309.42,23.91,None,6633,"{'ID': 'FP1736', 'Departure': 'Airport_37', 'Arrival': 'Airport_1', 'Planned Altitude': 18020.59, 'Planned Speed': 274.44}","{'Frequency': 3893.49, 'Content': 'Standard', 'Language': 'English'}",Unknown,6,Line Abreast,CN,Aggressive Maneuvers,"{'Visibility': 15299.59, 'Wind Speed': 25.61, 'Cloud Cover': 19.33}",Twilight,Mountainous,22870.69,63,High,58.65,69.88,85.01,3,SENSOR_10
2025-03-07 22:49:16.784082,-58.419204,-6.001244,-12.07,-4.31,1.02,4.93,9.95,14.61,-63.98,1152917175.1,23.07,58.69,None,3493,"{'ID': 'FP4415', 'Departure': 'Airport_15', 'Arrival': 'Airport_10', 'Planned Altitude': 39966.96, 'Planned Speed': 601.31}","{'Frequency': 8849.25, 'Content': 'Encrypted', 'Language': 'English'}",Armed,3,V-Formation,PK,Aggressive Maneuvers,"{'Visibility': 18839.29, 'Wind Speed': 5.99, 'Cloud Cover': 82.62}",Twilight,Mountainous,30965.27,69,Medium,71.9,80.07,89.47,2,SENSOR_12
2025-03-07 03:08:47.784082,4.762124,128.790129,0.4,1.28,0.21,4.34,-1.14,6.75,-81.82,6129705814.2,471.44,1.52,None,2321,"{'ID': 'FP1026', 'Departure': 'Airport_44', 'Arrival': 'Airport_41', 'Planned Altitude': 12044.51, 'Planned Speed': 665.43}","{'Frequency': 2595.52, 'Content': 'Encrypted', 'Language': 'Unknown'}",Armed,4,Line Abreast,KR,Direct Approach,"{'Visibility': 30976.14, 'Wind Speed': 27.88, 'Cloud Cover': 83.01}",Twilight,Flat,21169.93,64,Medium,96.82,65.39,67.46,4,SENSOR_6
2025-03-07 08:42:56.784082,-13.115427,107.823181,-4.91,-3.29,-0.83,1.95,4.42,-13.28,-6.79,6099687847.01,206.08,14.04,Spoofing,7589,"{'ID': 'FP4579', 'Departure': 'Airport_9', 'Arrival': 'Airport_29', 'Planned Altitude': 19254.21, 'Planned Speed': 232.78}","{'Frequency': 5455.09, 'Content': 'Standard', 'Language': 'Unknown'}",Unarmed,5,Echelon,FR,Loitering,"{'Visibility': 48389.01, 'Wind Speed': 10.14, 'Cloud Cover': 58.73}",Day,Flat,83992.91,93,Low,68.16,72.45,53.72,4,SENSOR_17
2025-03-07 23:30:56.784082,69.582162,111.718217,21.2,-0.52,2.76,4.0,-7.88,19.46,-7.44,6712841954.4,655.25,4.95,None,7563,"{'ID': 'FP6780', 'Departure': 'Airport_45', 'Arrival': 'Airport_32', 'Planned Altitude': 22854.48, 'Planned Speed': 638.39}","{'Frequency': 219.08, 'Content': 'Standard', 'Language': 'Unknown'}",Unknown,1,None,FR,Aggressive Maneuvers,"{'Visibility': 33856.57, 'Wind Speed': 11.97, 'Cloud Cover': 93.35}",Twilight,Coastal,61975.99,12,Low,98.44,79.59,91.77,2,SENSOR_4
2025-03-08 01:31:41.784082,48.069639,135.500655,-8.98,-1.08,-3.91,-3.58,9.82,-1.84,-29.24,9459980578.18,993.39,86.27,Spoofing,3288,"{'ID': 'FP7317', 'Departure': 'Airport_43', 'Arrival': 'Airport_4', 'Planned Altitude': 32073.43, 'Planned Speed': 569.57}","{'Frequency': 4522.43, 'Content': 'Standard', 'Language': 'English'}",Unarmed,1,None,US,Aggressive Maneuvers,"{'Visibility': 35726.73, 'Wind Speed': 17.27, 'Cloud Cover': 56.04}",Day,Coastal,86968.46,10,High,54.2,74.6,92.39,3,SENSOR_9
2025-03-07 04:28:59.784082,74.734566,-104.408386,-19.23,-2.48,-1.7,-4.71,2.49,-4.64,-90.68,8349613944.47,965.3,59.16,Spoofing,9201,"{'ID': 'FP2671', 'Departure': 'Airport_43', 'Arrival': 'Airport_43', 'Planned Altitude': 38961.03, 'Planned Speed': 205.85}","{'Frequency': 6870.82, 'Content': 'Standard', 'Language': 'English'}",Armed,3,Line Abreast,FR,Aggressive Maneuvers,"{'Visibility': 25372.83, 'Wind Speed': 14.37, 'Cloud Cover': 65.46}",Twilight,Flat,5193.14,82,High,59.91,68.61,64.65,2,SENSOR_3
2025-03-08 00:45:45.784082,36.873455,154.74264,5.25,0.83,-2.55,-3.65,-8.27,-6.5,-82.6,9556677624.25,896.62,98.79,None,5397,"{'ID': 'FP8344', 'Departure': 'Airport_15', 'Arrival': 'Airport_49', 'Planned Altitude': 16867.94, 'Planned Speed': 274.62}","{'Frequency': 9016.47, 'Content': 'Standard', 'Language': 'English'}",Armed,4,None,RU,Direct Approach,"{'Visibility': 9619.3, 'Wind Speed': 7.58, 'Cloud Cover': 79.51}",Night,Mountainous,5012.07,62,Low,65.95,72.13,78.4,5,SENSOR_18
2025-03-08 00:47:42.784082,-47.752952,166.825897,49.72,-2.68,4.45,-2.86,8.75,-7.0,-55.81,9207655269.63,629.25,6.99,Unknown,6668,"{'ID': 'FP6530', 'Departure': 'Airport_10', 'Arrival': 'Airport_6', 'Planned Altitude': 6201.73, 'Planned Speed': 398.42}","{'Frequency': 3645.1, 'Content': 'Encrypted', 'Language': 'English'}",Unknown,2,Line Abreast,IN,Aggressive Maneuvers,"{'Visibility': 9372.07, 'Wind Speed': 9.79, 'Cloud Cover': 91.33}",Twilight,Mountainous,98759.12,34,Medium,88.55,82.84,99.57,2,SENSOR_6
2025-03-07 14:10:11.784082,-57.493333,0.469697,-11.59,2.7,1.9,4.85,-7.6,-17.53,-33.47,4431181104.43,255.63,85.36,Unknown,7742,"{'ID': 'FP6295', 'Departure': 'Airport_33', 'Arrival': 'Airport_6', 'Planned Altitude': 12702.58, 'Planned Speed': 626.31}","{'Frequency': 6756.28, 'Content': 'Standard', 'Language': 'English'}",Armed,5,Line Abreast,KR,Aggressive Maneuvers,"{'Visibility': 35971.31, 'Wind Speed': 10.84, 'Cloud Cover': 22.31}",Night,Mountainous,84256.42,3,High,86.85,68.37,87.03,5,SENSOR_3
2025-03-07 07:22:01.784082,23.039627,-48.335999,5.58,3.68,1.78,-3.49,-6.8,-11.8,-1.79,4151854503.82,852.67,61.45,Unknown,6083,"{'ID': 'FP8026', 'Departure': 'Airport_8', 'Arrival': 'Airport_23', 'Planned Altitude': 20810.97, 'Planned Speed': 332.6}","{'Frequency': 7427.42, 'Content': 'Encrypted', 'Language': 'English'}",Unknown,5,None,IR,Direct Approach,"{'Visibility': 29001.58, 'Wind Speed': 10.57, 'Cloud Cover': 82.71}",Night,Coastal,50754.08,72,High,94.68,94.29,84.99,3,SENSOR_18
2025-03-07 04:48:20.784082,-17.385148,36.212784,47.96,-0.56,-2.16,-2.15,-4.75,7.91,-29.48,7091544790.42,901.35,49.61,None,8839,"{'ID': 'FP7803', 'Departure': 'Airport_18', 'Arrival': 'Airport_29', 'Planned Altitude': 32314.63, 'Planned Speed': 793.04}","{'Frequency': 8680.65, 'Content': 'Encrypted', 'Language': 'English'}",Unarmed,4,None,DE,Direct Approach,"{'Visibility': 44490.84, 'Wind Speed': 1.07, 'Cloud Cover': 97.66}",Twilight,Coastal,67816.15,67,Medium,84.44,73.06,52.5,4,SENSOR_16
2025-03-07 10:42:23.784082,-11.888237,112.473118,-15.13,0.36,-4.4,-4.47,5.34,-10.81,-89.46,1288628484.57,26.78,86.15,None,5688,"{'ID': 'FP3532', 'Departure': 'Airport_9', 'Arrival': 'Airport_45', 'Planned Altitude': 31282.61, 'Planned Speed': 301.03}","{'Frequency': 4013.83, 'Content': 'Standard', 'Language': 'English'}",Armed,4,V-Formation,KR,Loitering,"{'Visibility': 22079.54, 'Wind Speed': 25.45, 'Cloud Cover': 92.12}",Day,Coastal,69974.0,42,High,76.85,66.07,81.99,5,SENSOR_18
2025-03-07 09:29:37.784082,-31.402271,-85.519053,-11.36,-2.71,-4.56,4.82,0.83,-16.9,-28.73,8802725562.29,125.48,79.04,None,9366,"{'ID': 'FP3316', 'Departure': 'Airport_49', 'Arrival': 'Airport_18', 'Planned Altitude': 35426.9, 'Planned Speed': 434.19}","{'Frequency': 5840.02, 'Content': 'Standard', 'Language': 'English'}",Armed,2,Echelon,UK,Aggressive Maneuvers,"{'Visibility': 37150.79, 'Wind Speed': 7.87, 'Cloud Cover': 8.38}",Day,Flat,5152.3,16,High,78.18,70.48,51.87,4,SENSOR_20
2025-03-07 08:54:55.784082,-11.129938,84.622709,-40.79,-0.89,2.49,-2.38,-2.89,11.16,-38.17,3974655465.43,891.67,97.08,None,9234,"{'ID': 'FP6829', 'Departure': 'Airport_34', 'Arrival': 'Airport_4', 'Planned Altitude': 26397.35, 'Planned Speed': 241.98}","{'Frequency': 1563.36, 'Content': 'Standard', 'Language': 'Unknown'}",Unarmed,4,Line Abreast,IN,Direct Approach,"{'Visibility': 28137.5, 'Wind Speed': 2.57, 'Cloud Cover': 58.73}",Night,Coastal,75609.24,57,High,51.9,92.53,95.28,2,SENSOR_18
2025-03-07 17:41:03.784082,12.31832,120.346655,46.41,2.14,0.84,-2.5,2.4,14.11,-73.84,8561765194.27,441.72,72.66,None,5513,"{'ID': 'FP3281', 'Departure': 'Airport_26', 'Arrival': 'Airport_33', 'Planned Altitude': 30114.11, 'Planned Speed': 382.8}","{'Frequency': 5973.41, 'Content': 'Standard', 'Language': 'English'}",Unknown,4,Line Abreast,FR,Direct Approach,"{'Visibility': 27744.26, 'Wind Speed': 0.5, 'Cloud Cover': 31.02}",Night,Coastal,59395.33,44,Medium,95.43,73.78,76.11,1,SENSOR_20
2025-03-06 22:22:15.784082,31.457086,45.98291,-33.08,4.74,-0.28,3.47,4.92,-0.7,-0.72,4926868859.37,895.27,68.86,Spoofing,3545,"{'ID': 'FP1637', 'Departure': 'Airport_27', 'Arrival': 'Airport_42', 'Planned Altitude': 16765.06, 'Planned Speed': 770.29}","{'Frequency': 3742.94, 'Content': 'Standard', 'Language': 'English'}",Armed,1,None,FR,Aggressive Maneuvers,"{'Visibility': 33537.44, 'Wind Speed': 15.33, 'Cloud Cover': 98.49}",Day,Flat,66045.21,63,Medium,87.87,61.68,95.93,2,SENSOR_17
2025-03-07 13:21:37.784082,-29.516136,63.743358,-13.76,-2.74,-2.53,-4.37,-1.56,-9.51,-41.19,4472325771.51,919.08,76.18,Spoofing,1983,"{'ID': 'FP6360', 'Departure': 'Airport_18', 'Arrival': 'Airport_32', 'Planned Altitude': 25324.01, 'Planned Speed': 446.26}","{'Frequency': 7504.93, 'Content': 'Standard', 'Language': 'English'}",Armed,3,Echelon,IN,Direct Approach,"{'Visibility': 39676.55, 'Wind Speed': 4.86, 'Cloud Cover': 76.38}",Day,Mountainous,51403.52,19,Low,67.34,79.54,80.67,4,SENSOR_1
2025-03-07 03:23:12.784082,-67.588249,-109.609434,17.29,-0.44,0.39,4.58,-7.8,-10.64,-83.97,3957008658.89,250.11,64.5,None,9067,"{'ID': 'FP7665', 'Departure': 'Airport_48', 'Arrival': 'Airport_36', 'Planned Altitude': 18738.43, 'Planned Speed': 249.99}","{'Frequency': 1078.98, 'Content': 'Standard', 'Language': 'Unknown'}",Unknown,4,None,UK,Loitering,"{'Visibility': 38886.69, 'Wind Speed': 25.12, 'Cloud Cover': 3.37}",Day,Coastal,9260.79,60,High,51.01,93.02,68.23,3,SENSOR_13
2025-03-07 19:04:58.784082,-66.026642,-73.966069,-3.05,2.88,3.13,-4.63,-3.83,19.49,-9.35,6919934556.66,576.21,65.64,Unknown,4477,"{'ID': 'FP5551', 'Departure': 'Airport_36', 'Arrival': 'Airport_21', 'Planned Altitude': 35587.38, 'Planned Speed': 483.43}","{'Frequency': 470.33, 'Content': 'Standard', 'Language': 'English'}",Unknown,4,V-Formation,DE,Aggressive Maneuvers,"{'Visibility': 21935.04, 'Wind Speed': 8.22, 'Cloud Cover': 65.42}",Night,Flat,87195.07,15,Low,86.01,56.55,82.64,1,SENSOR_5
2025-03-07 04:57:23.784082,-0.706767,155.302853,11.96,-4.55,-1.9,3.52,1.34,-6.51,-57.55,9578425130.12,618.21,81.93,Spoofing,2534,"{'ID': 'FP5715', 'Departure': 'Airport_29', 'Arrival': 'Airport_39', 'Planned Altitude': 13272.01, 'Planned Speed': 283.2}","{'Frequency': 3843.44, 'Content': 'Standard', 'Language': 'English'}",Armed,3,V-Formation,FR,Direct Approach,"{'Visibility': 11395.53, 'Wind Speed': 28.27, 'Cloud Cover': 75.61}",Day,Mountainous,37167.94,19,Medium,65.3,93.15,93.03,5,SENSOR_13
2025-03-07 11:45:11.784082,-66.264826,144.96864,-6.05,1.07,-1.36,4.6,0.98,6.22,-75.92,5133820883.64,333.31,41.23,Jamming,2552,"{'ID': 'FP5999', 'Departure': 'Airport_21', 'Arrival': 'Airport_32', 'Planned Altitude': 10860.03, 'Planned Speed': 665.96}","{'Frequency': 6783.4, 'Content': 'Standard', 'Language': 'English'}",Unarmed,2,Echelon,KR,Loitering,"{'Visibility': 1735.9, 'Wind Speed': 12.88, 'Cloud Cover': 46.81}",Twilight,Coastal,7003.67,47,Low,83.79,50.72,89.63,2,SENSOR_20
2025-03-07 15:37:40.784082,24.51103,-56.625744,-13.42,-3.11,1.73,-0.83,-3.21,-12.1,-4.22,8153533967.59,273.28,75.27,Spoofing,4791,"{'ID': 'FP3090', 'Departure': 'Airport_15', 'Arrival': 'Airport_8', 'Planned Altitude': 38450.08, 'Planned Speed': 519.59}","{'Frequency': 3390.0, 'Content': 'Encrypted', 'Language': 'Unknown'}",Unarmed,3,V-Formation,FR,Loitering,"{'Visibility': 20099.13, 'Wind Speed': 26.74, 'Cloud Cover': 14.93}",Twilight,Mountainous,45243.39,89,Medium,56.4,54.77,98.16,3,SENSOR_12
2025-03-07 17:49:17.784082,28.040167,-114.437389,-35.34,-2.52,-2.68,2.59,9.42,-18.23,-38.11,4817470004.76,332.66,6.61,Jamming,6995,"{'ID': 'FP9872', 'Departure': 'Airport_22', 'Arrival': 'Airport_6', 'Planned Altitude': 35040.56, 'Planned Speed': 371.23}","{'Frequency': 4400.07, 'Content': 'Standard', 'Language': 'English'}",Armed,4,V-Formation,FR,Aggressive Maneuvers,"{'Visibility': 19520.28, 'Wind Speed': 16.68, 'Cloud Cover': 92.06}",Day,Mountainous,6667.62,29,High,58.71,70.32,60.3,5,SENSOR_10
2025-03-07 05:46:25.784082,-28.123269,-149.187678,-21.01,1.46,2.18,3.53,1.07,16.52,-82.45,5938643013.73,838.57,30.11,Jamming,6910,"{'ID': 'FP5550', 'Departure': 'Airport_33', 'Arrival': 'Airport_15', 'Planned Altitude': 32383.73, 'Planned Speed': 447.61}","{'Frequency': 5688.23, 'Content': 'Encrypted', 'Language': 'Unknown'}",Unarmed,3,Line Abreast,KR,Direct Approach,"{'Visibility': 42723.65, 'Wind Speed': 19.33, 'Cloud Cover': 40.13}",Night,Flat,68009.57,0,Medium,68.03,67.55,91.46,2,SENSOR_5
2025-03-07 12:56:00.784082,28.198432,41.784296,36.99,0.32,2.62,2.12,-9.05,-5.13,-18.96,7087475244.16,408.65,76.33,Unknown,3102,"{'ID': 'FP5024', 'Departure': 'Airport_23', 'Arrival': 'Airport_42', 'Planned Altitude': 1987.54, 'Planned Speed': 809.24}","{'Frequency': 7065.1, 'Content': 'Standard', 'Language': 'English'}",Unarmed,1,None,RU,Direct Approach,"{'Visibility': 45383.28, 'Wind Speed': 13.61, 'Cloud Cover': 4.36}",Night,Coastal,97636.26,73,Low,85.08,96.11,79.05,5,SENSOR_7
2025-03-07 18:42:17.784082,-58.955323,110.549893,-0.97,-2.87,0.01,4.4,-8.86,12.98,-87.91,5340064472.09,331.83,98.96,Spoofing,1673,"{'ID': 'FP5765', 'Departure': 'Airport_21', 'Arrival': 'Airport_43', 'Planned Altitude': 30610.82, 'Planned Speed': 358.67}","{'Frequency': 416.16, 'Content': 'Standard', 'Language': 'Unknown'}",Unknown,4,Echelon,RU,Loitering,"{'Visibility': 48500.83, 'Wind Speed': 28.6, 'Cloud Cover': 4.56}",Day,Flat,27123.36,70,Medium,68.97,89.85,54.47,5,SENSOR_17
2025-03-07 05:07:17.784082,22.539002,114.220038,12.2,4.0,2.52,-3.37,-0.19,8.44,-95.26,7567038960.67,475.39,27.15,Spoofing,9555,"{'ID': 'FP3979', 'Departure': 'Airport_23', 'Arrival': 'Airport_9', 'Planned Altitude': 29877.2, 'Planned Speed': 834.91}","{'Frequency': 580.96, 'Content': 'Standard', 'Language': 'English'}",Unknown,1,None,PK,Loitering,"{'Visibility': 24335.03, 'Wind Speed': 8.42, 'Cloud Cover': 63.19}",Night,Mountainous,51692.04,39,Low,73.4,99.57,65.11,2,SENSOR_8
2025-03-07 17:38:52.784082,3.308371,43.993114,-9.58,4.48,-4.81,-1.9,-9.38,16.15,-16.56,5465620147.21,42.58,10.8,Unknown,6003,"{'ID': 'FP7317', 'Departure': 'Airport_20', 'Arrival': 'Airport_41', 'Planned Altitude': 24695.51, 'Planned Speed': 519.57}","{'Frequency': 739.84, 'Content': 'Standard', 'Language': 'English'}",Unknown,6,V-Formation,IR,Loitering,"{'Visibility': 40064.95, 'Wind Speed': 28.18, 'Cloud Cover': 25.34}",Day,Mountainous,14124.62,5,High,50.14,95.37,98.43,4,SENSOR_17
2025-03-07 14:04:50.784082,-22.780831,86.138393,8.9,1.57,0.04,-4.64,6.13,19.5,-13.83,5122391990.19,302.21,21.14,Spoofing,9772,"{'ID': 'FP2487', 'Departure': 'Airport_1', 'Arrival': 'Airport_14', 'Planned Altitude': 33906.49, 'Planned Speed': 351.22}","{'Frequency': 1624.95, 'Content': 'Encrypted', 'Language': 'English'}",Armed,5,Echelon,US,Direct Approach,"{'Visibility': 678.14, 'Wind Speed': 19.04, 'Cloud Cover': 80.45}",Night,Coastal,71787.83,53,High,73.21,96.44,98.12,2,SENSOR_9
2025-03-07 16:55:47.784082,68.236641,87.469219,29.56,2.51,3.4,-2.99,5.94,7.33,-11.55,5456037448.7,457.41,55.53,Spoofing,7074,"{'ID': 'FP1437', 'Departure': 'Airport_27', 'Arrival': 'Airport_18', 'Planned Altitude': 13252.75, 'Planned Speed': 344.87}","{'Frequency': 5200.04, 'Content': 'Standard', 'Language': 'English'}",Unarmed,3,Echelon,DE,Direct Approach,"{'Visibility': 12600.07, 'Wind Speed': 11.15, 'Cloud Cover': 49.89}",Night,Mountainous,16657.22,25,High,75.74,66.82,92.03,3,SENSOR_3
2025-03-07 08:38:10.784082,75.658798,108.58797,-6.63,-4.6,2.63,-1.43,1.22,6.43,-27.04,7793170727.15,728.34,90.66,None,1528,"{'ID': 'FP2592', 'Departure': 'Airport_26', 'Arrival': 'Airport_18', 'Planned Altitude': 27799.66, 'Planned Speed': 561.98}","{'Frequency': 2797.16, 'Content': 'Encrypted', 'Language': 'English'}",Unknown,3,None,CN,Direct Approach,"{'Visibility': 13440.99, 'Wind Speed': 24.46, 'Cloud Cover': 38.61}",Day,Flat,63235.44,6,Low,95.84,81.65,54.64,4,SENSOR_11
2025-03-07 02:23:28.784082,85.78454,113.900661,22.96,-2.83,-0.13,-0.89,-2.05,-1.62,-36.57,6970643401.62,961.1,36.31,Unknown,4856,"{'ID': 'FP6919', 'Departure': 'Airport_6', 'Arrival': 'Airport_33', 'Planned Altitude': 38696.11, 'Planned Speed': 310.02}","{'Frequency': 6023.59, 'Content': 'Encrypted', 'Language': 'English'}",Armed,5,Echelon,IR,Aggressive Maneuvers,"{'Visibility': 8681.75, 'Wind Speed': 18.62, 'Cloud Cover': 78.66}",Twilight,Flat,85177.66,56,Low,85.61,58.09,86.48,4,SENSOR_18
2025-03-07 12:33:54.784082,26.742704,108.336243,10.87,-0.85,-0.56,4.21,2.87,18.66,-77.62,6582530018.67,451.03,43.78,Unknown,8691,"{'ID': 'FP2210', 'Departure': 'Airport_45', 'Arrival': 'Airport_17', 'Planned Altitude': 13640.08, 'Planned Speed': 650.49}","{'Frequency': 5663.98, 'Content': 'Standard', 'Language': 'English'}",Unarmed,2,Echelon,PK,Loitering,"{'Visibility': 21414.25, 'Wind Speed': 4.58, 'Cloud Cover': 27.4}",Night,Flat,51156.94,93,Medium,99.7,55.73,94.63,2,SENSOR_9
2025-03-07 07:49:18.784082,-23.486332,-20.554874,-2.49,2.67,3.28,2.38,0.7,14.63,-77.52,6252483554.83,181.0,65.59,Spoofing,8273,"{'ID': 'FP4027', 'Departure': 'Airport_23', 'Arrival': 'Airport_31', 'Planned Altitude': 37682.6, 'Planned Speed': 861.64}","{'Frequency': 4147.69, 'Content': 'Standard', 'Language': 'English'}",Unarmed,1,None,US,Direct Approach,"{'Visibility': 15203.36, 'Wind Speed': 16.11, 'Cloud Cover': 31.96}",Day,Flat,2194.58,59,High,53.3,92.86,78.31,3,SENSOR_9
2025-03-07 06:37:08.784082,-46.940628,-43.178806,-7.24,-4.16,0.87,-2.08,2.59,6.63,-9.68,1076282820.93,298.79,78.3,Unknown,8070,"{'ID': 'FP9353', 'Departure': 'Airport_43', 'Arrival': 'Airport_38', 'Planned Altitude': 37477.1, 'Planned Speed': 675.54}","{'Frequency': 2469.89, 'Content': 'Encrypted', 'Language': 'Unknown'}",Armed,6,Line Abreast,FR,Direct Approach,"{'Visibility': 47361.74, 'Wind Speed': 1.86, 'Cloud Cover': 77.1}",Night,Flat,71520.22,28,High,99.07,51.88,87.71,3,SENSOR_15
2025-03-07 08:28:16.784082,20.214945,132.280024,31.54,0.32,-0.19,-4.78,7.81,-4.99,-29.22,3634636676.69,853.44,36.55,Jamming,8904,"{'ID': 'FP4677', 'Departure': 'Airport_5', 'Arrival': 'Airport_50', 'Planned Altitude': 30334.01, 'Planned Speed': 608.66}","{'Frequency': 298.4, 'Content': 'Standard', 'Language': 'English'}",Unarmed,2,V-Formation,UK,Aggressive Maneuvers,"{'Visibility': 21051.85, 'Wind Speed': 10.03, 'Cloud Cover': 93.36}",Night,Flat,83176.06,1,High,98.18,68.82,56.48,3,SENSOR_7
2025-03-07 16:28:28.784082,-48.769616,149.803215,-23.67,-2.41,-2.35,2.25,-7.1,-9.63,-62.63,3711498213.95,649.69,19.86,Jamming,5467,"{'ID': 'FP7789', 'Departure': 'Airport_6', 'Arrival': 'Airport_16', 'Planned Altitude': 39581.56, 'Planned Speed': 492.45}","{'Frequency': 3545.83, 'Content': 'Standard', 'Language': 'English'}",Unknown,1,None,IR,Aggressive Maneuvers,"{'Visibility': 12838.71, 'Wind Speed': 19.38, 'Cloud Cover': 2.69}",Day,Coastal,95313.02,18,High,69.64,85.26,84.99,3,SENSOR_11
2025-03-07 23:20:57.784082,76.948389,-122.256203,23.55,-3.89,-0.22,-4.62,0.51,-8.92,-91.32,8025990891.35,974.14,53.55,Jamming,3339,"{'ID': 'FP2057', 'Departure': 'Airport_37', 'Arrival': 'Airport_47', 'Planned Altitude': 27991.8, 'Planned Speed': 341.05}","{'Frequency': 7387.73, 'Content': 'Encrypted', 'Language': 'English'}",Armed,4,V-Formation,US,Direct Approach,"{'Visibility': 28123.31, 'Wind Speed': 23.7, 'Cloud Cover': 7.03}",Twilight,Mountainous,51223.41,64,High,84.56,84.58,62.83,1,SENSOR_1
2025-03-07 16:28:02.784082,-31.001,-31.913702,15.01,3.29,4.55,-4.57,2.56,5.21,-71.89,8037317381.65,542.31,43.08,None,2292,"{'ID': 'FP8426', 'Departure': 'Airport_40', 'Arrival': 'Airport_38', 'Planned Altitude': 4971.0, 'Planned Speed': 225.64}","{'Frequency': 4179.9, 'Content': 'Standard', 'Language': 'English'}",Unarmed,2,V-Formation,PK,Loitering,"{'Visibility': 46066.73, 'Wind Speed': 28.71, 'Cloud Cover': 25.1}",Twilight,Mountainous,75469.07,31,High,94.77,64.26,93.57,5,SENSOR_1
2025-03-07 15:06:23.784082,75.348343,116.648295,-43.36,0.99,-2.18,3.19,-8.57,-17.35,-26.96,8725693094.71,32.16,5.03,Jamming,7404,"{'ID': 'FP8443', 'Departure': 'Airport_29', 'Arrival': 'Airport_17', 'Planned Altitude': 24574.71, 'Planned Speed': 286.44}","{'Frequency': 1943.61, 'Content': 'Encrypted', 'Language': 'English'}",Unarmed,5,Echelon,IN,Loitering,"{'Visibility': 20231.84, 'Wind Speed': 23.86, 'Cloud Cover': 90.52}",Night,Flat,90458.98,8,High,62.66,57.57,99.62,2,SENSOR_4
2025-03-07 12:34:36.784082,20.831417,110.681804,37.36,3.2,-3.79,4.86,9.57,13.73,-68.59,2418529208.78,926.12,47.61,Jamming,4172,"{'ID': 'FP4455', 'Departure': 'Airport_17', 'Arrival': 'Airport_45', 'Planned Altitude': 4460.97, 'Planned Speed': 276.86}","{'Frequency': 2244.45, 'Content': 'Encrypted', 'Language': 'English'}",Unknown,6,V-Formation,KR,Aggressive Maneuvers,"{'Visibility': 35119.58, 'Wind Speed': 7.4, 'Cloud Cover': 88.45}",Twilight,Mountainous,66827.65,21,High,96.06,76.63,88.51,1,SENSOR_8
2025-03-07 07:56:39.784082,89.318103,-18.680323,3.47,-1.4,4.87,-2.0,8.51,4.78,-69.49,9222931864.68,519.73,62.18,Spoofing,4982,"{'ID': 'FP5945', 'Departure': 'Airport_46', 'Arrival': 'Airport_48', 'Planned Altitude': 7400.35, 'Planned Speed': 872.96}","{'Frequency': 7330.8, 'Content': 'Standard', 'Language': 'English'}",Armed,1,None,CN,Loitering,"{'Visibility': 7290.86, 'Wind Speed': 24.11, 'Cloud Cover': 11.04}",Twilight,Mountainous,17018.08,22,Medium,51.39,89.52,61.56,5,SENSOR_19
2025-03-08 01:12:10.784082,-78.106145,117.366606,49.37,-2.46,0.82,-2.69,5.43,1.62,-83.79,4566429791.51,352.99,30.92,None,6064,"{'ID': 'FP7675', 'Departure': 'Airport_8', 'Arrival': 'Airport_38', 'Planned Altitude': 21690.23, 'Planned Speed': 875.26}","{'Frequency': 3607.17, 'Content': 'Standard', 'Language': 'English'}",Unknown,1,None,IR,Aggressive Maneuvers,"{'Visibility': 41924.58, 'Wind Speed': 27.54, 'Cloud Cover': 12.76}",Day,Coastal,39939.09,69,Medium,91.26,83.16,70.73,1,SENSOR_4
2025-03-07 15:28:54.784082,-49.370177,-155.12672,20.61,-0.2,-2.58,2.7,7.66,0.93,-7.21,6335422313.5,339.98,71.28,None,4263,"{'ID': 'FP5491', 'Departure': 'Airport_11', 'Arrival': 'Airport_46', 'Planned Altitude': 37799.94, 'Planned Speed': 249.95}","{'Frequency': 1710.45, 'Content': 'Standard', 'Language': 'English'}",Armed,6,Line Abreast,UK,Loitering,"{'Visibility': 43052.38, 'Wind Speed': 20.13, 'Cloud Cover': 64.67}",Night,Flat,19911.58,72,Low,88.94,66.55,69.52,4,SENSOR_13
2025-03-07 18:16:12.784082,-65.972407,135.023443,5.42,2.77,-0.65,1.25,3.95,12.06,-40.84,4956442942.05,344.58,13.73,None,3996,"{'ID': 'FP2942', 'Departure': 'Airport_26', 'Arrival': 'Airport_43', 'Planned Altitude': 3650.52, 'Planned Speed': 581.89}","{'Frequency': 8662.82, 'Content': 'Encrypted', 'Language': 'English'}",Unarmed,6,V-Formation,CN,Aggressive Maneuvers,"{'Visibility': 22069.22, 'Wind Speed': 22.69, 'Cloud Cover': 8.22}",Night,Flat,55486.9,26,Medium,81.84,60.18,85.58,2,SENSOR_16
2025-03-07 18:17:05.784082,-68.359245,-139.502427,-27.54,4.74,2.53,1.88,-2.56,9.17,-24.23,8091619507.61,689.01,51.56,Spoofing,6451,"{'ID': 'FP8766', 'Departure': 'Airport_16', 'Arrival': 'Airport_21', 'Planned Altitude': 35061.65, 'Planned Speed': 664.9}","{'Frequency': 4106.27, 'Content': 'Encrypted', 'Language': 'English'}",Unknown,2,Echelon,US,Direct Approach,"{'Visibility': 41185.69, 'Wind Speed': 23.86, 'Cloud Cover': 29.61}",Night,Mountainous,86528.54,78,High,50.63,50.5,63.04,1,SENSOR_15
2025-03-07 15:21:02.784082,66.885287,168.003511,-44.46,-1.5,1.45,-2.75,8.86,12.6,-47.62,5722236326.76,140.61,41.12,None,3207,"{'ID': 'FP8953', 'Departure': 'Airport_30', 'Arrival': 'Airport_5', 'Planned Altitude': 27157.54, 'Planned Speed': 386.17}","{'Frequency': 4104.29, 'Content': 'Standard', 'Language': 'English'}",Unknown,2,None,UK,Aggressive Maneuvers,"{'Visibility': 30779.35, 'Wind Speed': 10.35, 'Cloud Cover': 48.41}",Day,Flat,78871.09,92,High,71.43,56.78,60.36,2,SENSOR_11
2025-03-07 07:27:09.784082,12.675805,77.697789,-5.83,2.8,-4.39,1.81,-2.62,-1.28,-40.04,6613022515.64,200.98,1.5,Spoofing,8501,"{'ID': 'FP1779', 'Departure': 'Airport_13', 'Arrival': 'Airport_13', 'Planned Altitude': 29052.81, 'Planned Speed': 423.68}","{'Frequency': 5796.77, 'Content': 'Standard', 'Language': 'English'}",Unknown,1,None,KR,Direct Approach,"{'Visibility': 26241.76, 'Wind Speed': 11.22, 'Cloud Cover': 69.4}",Night,Coastal,67347.61,63,High,85.75,52.8,79.28,3,SENSOR_5
2025-03-07 00:48:02.784082,-15.969245,-9.224093,19.37,1.26,4.26,0.95,-3.63,-4.11,-37.82,4837063745.38,253.27,35.46,None,2780,"{'ID': 'FP2116', 'Departure': 'Airport_40', 'Arrival': 'Airport_7', 'Planned Altitude': 1730.62, 'Planned Speed': 816.95}","{'Frequency': 7852.58, 'Content': 'Encrypted', 'Language': 'English'}",Armed,3,V-Formation,RU,Aggressive Maneuvers,"{'Visibility': 22098.86, 'Wind Speed': 2.42, 'Cloud Cover': 4.78}",Twilight,Mountainous,33831.61,60,Medium,50.74,53.14,98.48,3,SENSOR_4
2025-03-07 20:14:13.784082,25.807741,43.891003,-23.26,-4.11,-3.18,-0.53,-7.94,6.54,-46.68,2133644915.55,445.07,71.38,Jamming,8668,"{'ID': 'FP2181', 'Departure': 'Airport_41', 'Arrival': 'Airport_21', 'Planned Altitude': 16935.66, 'Planned Speed': 493.61}","{'Frequency': 9048.72, 'Content': 'Encrypted', 'Language': 'Unknown'}",Unarmed,5,Line Abreast,FR,Direct Approach,"{'Visibility': 30766.03, 'Wind Speed': 8.45, 'Cloud Cover': 83.44}",Day,Coastal,80287.27,78,Medium,63.88,73.93,94.33,4,SENSOR_18
2025-03-07 00:32:30.784082,53.887536,-77.625829,41.2,-3.98,-2.4,-1.43,-7.21,-15.94,-63.03,3227622746.76,446.49,40.2,Unknown,3859,"{'ID': 'FP6359', 'Departure': 'Airport_45', 'Arrival': 'Airport_9', 'Planned Altitude': 8175.64, 'Planned Speed': 470.73}","{'Frequency': 2581.6, 'Content': 'Standard', 'Language': 'English'}",Unarmed,1,None,PK,Aggressive Maneuvers,"{'Visibility': 34880.69, 'Wind Speed': 14.17, 'Cloud Cover': 43.91}",Night,Mountainous,59937.96,60,Low,90.24,85.34,87.35,5,SENSOR_3
2025-03-08 00:08:57.784082,-32.44795,88.252868,47.31,-1.68,3.84,-4.8,9.67,-6.47,-74.23,4737331665.52,923.05,22.1,Jamming,8948,"{'ID': 'FP5167', 'Departure': 'Airport_31', 'Arrival': 'Airport_12', 'Planned Altitude': 19369.46, 'Planned Speed': 789.37}","{'Frequency': 3566.61, 'Content': 'Encrypted', 'Language': 'English'}",Armed,2,Line Abreast,IN,Direct Approach,"{'Visibility': 14446.82, 'Wind Speed': 1.16, 'Cloud Cover': 55.88}",Twilight,Flat,6789.83,65,Low,61.31,85.22,93.3,2,SENSOR_11
2025-03-07 02:35:28.784082,17.785856,37.51242,40.9,-0.9,-4.02,-1.27,-4.59,12.83,-66.08,6595923903.22,986.59,1.89,Spoofing,4979,"{'ID': 'FP1574', 'Departure': 'Airport_16', 'Arrival': 'Airport_2', 'Planned Altitude': 23876.45, 'Planned Speed': 780.14}","{'Frequency': 427.88, 'Content': 'Standard', 'Language': 'English'}",Unknown,2,Echelon,UK,Loitering,"{'Visibility': 28967.01, 'Wind Speed': 9.27, 'Cloud Cover': 87.57}",Night,Flat,36721.37,80,Medium,84.85,82.36,67.71,1,SENSOR_10
2025-03-07 17:56:28.784082,-59.278999,149.883069,10.49,-2.34,-4.35,0.75,5.65,-14.72,-75.81,8797519927.28,873.01,1.72,Jamming,4611,"{'ID': 'FP8432', 'Departure': 'Airport_9', 'Arrival': 'Airport_5', 'Planned Altitude': 6735.32, 'Planned Speed': 289.74}","{'Frequency': 7785.45, 'Content': 'Standard', 'Language': 'Unknown'}",Unknown,1,None,UK,Loitering,"{'Visibility': 32013.22, 'Wind Speed': 10.83, 'Cloud Cover': 97.23}",Day,Mountainous,41534.46,74,Low,93.5,68.92,80.97,4,SENSOR_6
2025-03-07 15:41:18.784082,-69.167718,30.988003,34.7,2.4,1.91,-1.89,-4.6,-4.87,-31.32,7956607978.08,114.26,28.08,Unknown,6452,"{'ID': 'FP6868', 'Departure': 'Airport_45', 'Arrival': 'Airport_19', 'Planned Altitude': 9278.14, 'Planned Speed': 615.57}","{'Frequency': 9726.69, 'Content': 'Standard', 'Language': 'English'}",Unarmed,3,Echelon,FR,Direct Approach,"{'Visibility': 1775.1, 'Wind Speed': 14.65, 'Cloud Cover': 69.59}",Night,Flat,57849.06,17,High,95.98,63.1,77.55,5,SENSOR_9
2025-03-06 23:24:47.784082,-15.229333,118.974115,-44.24,-3.43,-1.69,4.62,4.49,9.95,-51.15,7908297195.58,220.47,32.77,None,1863,"{'ID': 'FP2947', 'Departure': 'Airport_2', 'Arrival': 'Airport_30', 'Planned Altitude': 4304.28, 'Planned Speed': 496.99}","{'Frequency': 8879.39, 'Content': 'Standard', 'Language': 'English'}",Unknown,2,Echelon,US,Direct Approach,"{'Visibility': 14866.15, 'Wind Speed': 23.76, 'Cloud Cover': 21.64}",Day,Flat,42920.0,35,Low,57.29,82.67,67.15,3,SENSOR_6
2025-03-07 21:37:14.784082,-57.416532,-13.56388,-32.35,0.15,-1.88,-4.94,-6.44,15.23,-62.34,9062580068.7,87.94,5.44,Unknown,9318,"{'ID': 'FP2320', 'Departure': 'Airport_6', 'Arrival': 'Airport_5', 'Planned Altitude': 14168.62, 'Planned Speed': 461.99}","{'Frequency': 2421.05, 'Content': 'Standard', 'Language': 'English'}",Unarmed,5,Echelon,FR,Direct Approach,"{'Visibility': 32982.29, 'Wind Speed': 29.47, 'Cloud Cover': 41.29}",Night,Coastal,87659.78,51,Low,58.71,70.36,75.09,5,SENSOR_1
2025-03-07 10:48:42.784082,56.156163,7.199591,45.63,-1.04,4.25,-0.97,-2.26,12.17,-9.21,3063002948.72,520.01,76.51,None,5833,"{'ID': 'FP8447', 'Departure': 'Airport_8', 'Arrival': 'Airport_40', 'Planned Altitude': 7605.77, 'Planned Speed': 788.87}","{'Frequency': 8245.92, 'Content': 'Standard', 'Language': 'English'}",Unarmed,4,None,PK,Loitering,"{'Visibility': 16834.58, 'Wind Speed': 2.88, 'Cloud Cover': 95.53}",Day,Flat,8579.31,21,High,64.97,88.42,83.95,4,SENSOR_18
2025-03-07 05:26:43.784082,68.075569,-39.197263,-38.91,-4.77,-0.84,2.83,6.68,7.01,-53.32,7237098117.68,199.53,35.81,Jamming,2949,"{'ID': 'FP6100', 'Departure': 'Airport_30', 'Arrival': 'Airport_43', 'Planned Altitude': 5994.95, 'Planned Speed': 866.81}","{'Frequency': 9282.85, 'Content': 'Encrypted', 'Language': 'Unknown'}",Unarmed,4,V-Formation,CN,Loitering,"{'Visibility': 33068.97, 'Wind Speed': 0.69, 'Cloud Cover': 71.94}",Day,Flat,71563.3,37,High,87.61,91.9,97.98,1,SENSOR_17
2025-03-07 17:19:37.784082,-2.324925,25.683649,20.34,-1.43,-0.01,2.35,5.07,10.3,-9.89,1571988326.46,187.38,99.28,Spoofing,8084,"{'ID': 'FP5766', 'Departure': 'Airport_44', 'Arrival': 'Airport_6', 'Planned Altitude': 22464.59, 'Planned Speed': 308.96}","{'Frequency': 3202.51, 'Content': 'Encrypted', 'Language': 'Unknown'}",Armed,5,Echelon,RU,Direct Approach,"{'Visibility': 7589.18, 'Wind Speed': 11.88, 'Cloud Cover': 87.97}",Twilight,Mountainous,8303.81,75,Low,56.31,88.04,98.4,2,SENSOR_19
2025-03-07 11:45:52.784082,-6.82484,-94.139095,-15.07,-1.57,-1.97,-4.85,-9.42,5.82,-90.16,9104322219.58,949.66,4.18,Unknown,8328,"{'ID': 'FP3467', 'Departure': 'Airport_50', 'Arrival': 'Airport_39', 'Planned Altitude': 10051.66, 'Planned Speed': 626.59}","{'Frequency': 1632.33, 'Content': 'Encrypted', 'Language': 'English'}",Unarmed,3,Echelon,RU,Aggressive Maneuvers,"{'Visibility': 7299.33, 'Wind Speed': 13.38, 'Cloud Cover': 63.31}",Night,Flat,61699.01,14,Low,99.46,86.94,60.23,3,SENSOR_13
2025-03-07 13:59:25.784082,15.88714,166.3531,22.65,-4.59,2.63,-4.01,5.76,-1.88,-64.12,2534529283.55,943.17,51.59,None,7527,"{'ID': 'FP1874', 'Departure': 'Airport_19', 'Arrival': 'Airport_41', 'Planned Altitude': 5716.76, 'Planned Speed': 863.18}","{'Frequency': 2192.64, 'Content': 'Standard', 'Language': 'Unknown'}",Unknown,2,V-Formation,RU,Aggressive Maneuvers,"{'Visibility': 6542.19, 'Wind Speed': 21.75, 'Cloud Cover': 58.07}",Day,Flat,26395.51,33,Medium,81.93,77.28,96.67,5,SENSOR_16
2025-03-06 22:45:21.784082,-31.045499,-69.232492,29.09,-3.35,1.38,1.06,0.81,-4.86,-38.77,2941118731.44,666.91,5.39,Unknown,8979,"{'ID': 'FP9635', 'Departure': 'Airport_25', 'Arrival': 'Airport_30', 'Planned Altitude': 21733.1, 'Planned Speed': 791.45}","{'Frequency': 4951.29, 'Content': 'Encrypted', 'Language': 'English'}",Unknown,3,V-Formation,US,Loitering,"{'Visibility': 34707.95, 'Wind Speed': 0.94, 'Cloud Cover': 82.59}",Night,Coastal,63501.63,94,Medium,69.24,57.39,63.4,1,SENSOR_13
2025-03-07 06:08:42.784082,-79.205124,54.700877,-41.76,1.18,4.68,-1.7,-8.23,6.66,-57.93,2854515101.44,899.12,61.08,Spoofing,2610,"{'ID': 'FP9288', 'Departure': 'Airport_33', 'Arrival': 'Airport_37', 'Planned Altitude': 37659.56, 'Planned Speed': 652.63}","{'Frequency': 1851.3, 'Content': 'Standard', 'Language': 'Unknown'}",Unknown,1,None,DE,Loitering,"{'Visibility': 35001.89, 'Wind Speed': 11.81, 'Cloud Cover': 14.43}",Day,Mountainous,86061.12,87,Low,79.52,75.51,73.14,5,SENSOR_5
2025-03-07 14:22:27.784082,-6.469111,170.702344,12.66,-0.9,-4.71,2.97,-0.52,4.89,-90.61,1415410439.12,424.47,79.39,Spoofing,5479,"{'ID': 'FP8191', 'Departure': 'Airport_45', 'Arrival': 'Airport_23', 'Planned Altitude': 37214.9, 'Planned Speed': 696.35}","{'Frequency': 8257.36, 'Content': 'Encrypted', 'Language': 'English'}",Armed,1,None,UK,Loitering,"{'Visibility': 5760.49, 'Wind Speed': 21.77, 'Cloud Cover': 5.71}",Twilight,Coastal,45951.65,81,Low,76.85,71.14,71.92,1,SENSOR_13
2025-03-07 04:04:47.784082,15.058014,145.935129,-46.65,0.5,-3.7,-2.51,-1.16,2.83,-82.43,7115750226.31,403.64,69.17,Jamming,8390,"{'ID': 'FP9142', 'Departure': 'Airport_45', 'Arrival': 'Airport_40', 'Planned Altitude': 20231.88, 'Planned Speed': 534.49}","{'Frequency': 1475.44, 'Content': 'Encrypted', 'Language': 'English'}",Unarmed,2,Line Abreast,PK,Loitering,"{'Visibility': 41609.49, 'Wind Speed': 7.75, 'Cloud Cover': 88.48}",Night,Mountainous,34271.02,23,High,50.86,87.36,73.76,1,SENSOR_15
2025-03-07 23:33:18.784082,-84.502985,-109.044116,8.76,1.88,-0.26,-4.83,1.93,-2.52,-9.95,2681335369.08,338.44,8.26,None,5868,"{'ID': 'FP3906', 'Departure': 'Airport_24', 'Arrival': 'Airport_16', 'Planned Altitude': 26351.2, 'Planned Speed': 473.91}","{'Frequency': 3729.25, 'Content': 'Encrypted', 'Language': 'English'}",Unarmed,5,Echelon,DE,Direct Approach,"{'Visibility': 19217.05, 'Wind Speed': 14.05, 'Cloud Cover': 68.0}",Day,Coastal,15070.94,84,Medium,96.18,61.43,59.15,5,SENSOR_2
2025-03-07 04:41:55.784082,21.324664,-121.075265,9.81,-0.53,2.46,-0.25,3.86,17.81,-5.53,4895242290.9,295.03,16.21,None,6676,"{'ID': 'FP6200', 'Departure': 'Airport_29', 'Arrival': 'Airport_20', 'Planned Altitude': 26142.73, 'Planned Speed': 879.31}","{'Frequency': 2766.77, 'Content': 'Encrypted', 'Language': 'English'}",Unarmed,6,None,US,Loitering,"{'Visibility': 34328.4, 'Wind Speed': 5.4, 'Cloud Cover': 53.82}",Day,Coastal,90749.03,39,High,64.12,72.8,66.08,4,SENSOR_7
2025-03-07 12:16:48.784082,17.751028,-153.912064,48.8,-4.18,4.88,1.17,4.62,-11.73,-64.43,8464123778.89,366.49,81.78,Unknown,7328,"{'ID': 'FP8337', 'Departure': 'Airport_5', 'Arrival': 'Airport_39', 'Planned Altitude': 24625.8, 'Planned Speed': 773.89}","{'Frequency': 9983.77, 'Content': 'Encrypted', 'Language': 'English'}",Unknown,2,Line Abreast,PK,Loitering,"{'Visibility': 28908.52, 'Wind Speed': 17.44, 'Cloud Cover': 14.31}",Twilight,Coastal,62434.62,71,Low,61.27,50.7,87.94,4,SENSOR_15
2025-03-06 23:15:12.784082,23.134676,25.490297,-38.49,-3.39,-0.73,4.88,-9.18,5.5,-32.46,5699972233.09,239.08,52.58,Unknown,9455,"{'ID': 'FP8854', 'Departure': 'Airport_28', 'Arrival': 'Airport_15', 'Planned Altitude': 21280.25, 'Planned Speed': 449.9}","{'Frequency': 4481.76, 'Content': 'Encrypted', 'Language': 'English'}",Unarmed,5,Echelon,FR,Loitering,"{'Visibility': 13128.47, 'Wind Speed': 4.6, 'Cloud Cover': 46.08}",Night,Flat,62734.19,37,Medium,69.98,56.2,55.53,5,SENSOR_1
2025-03-07 20:22:14.784082,76.378591,-34.74464,40.07,4.31,-0.73,-4.43,9.25,16.36,-25.18,7718090181.83,97.69,23.09,None,8553,"{'ID': 'FP1095', 'Departure': 'Airport_30', 'Arrival': 'Airport_46', 'Planned Altitude': 38353.37, 'Planned Speed': 602.46}","{'Frequency': 7662.37, 'Content': 'Standard', 'Language': 'English'}",Unknown,1,None,FR,Aggressive Maneuvers,"{'Visibility': 11853.01, 'Wind Speed': 10.78, 'Cloud Cover': 40.73}",Day,Coastal,37322.66,74,Low,73.56,63.42,51.98,4,SENSOR_9
2025-03-07 22:56:58.784082,50.574086,91.868102,21.45,-1.82,-1.0,-3.41,4.3,18.72,-41.4,7208045747.36,496.51,36.35,Spoofing,3822,"{'ID': 'FP1726', 'Departure': 'Airport_32', 'Arrival': 'Airport_13', 'Planned Altitude': 20837.85, 'Planned Speed': 830.74}","{'Frequency': 7990.38, 'Content': 'Standard', 'Language': 'English'}",Unarmed,3,Echelon,UK,Aggressive Maneuvers,"{'Visibility': 9381.33, 'Wind Speed': 1.28, 'Cloud Cover': 55.23}",Twilight,Coastal,35574.14,24,Medium,77.61,79.95,83.22,1,SENSOR_13
2025-03-07 20:30:24.784082,-29.172389,-94.435907,25.13,2.12,-4.77,-2.97,-4.18,1.64,-50.55,7128611960.39,68.51,53.74,Jamming,1339,"{'ID': 'FP1402', 'Departure': 'Airport_20', 'Arrival': 'Airport_18', 'Planned Altitude': 27123.57, 'Planned Speed': 352.31}","{'Frequency': 5025.13, 'Content': 'Standard', 'Language': 'English'}",Unknown,6,None,PK,Loitering,"{'Visibility': 47488.94, 'Wind Speed': 20.4, 'Cloud Cover': 34.73}",Night,Coastal,46411.1,69,High,86.62,81.01,54.33,2,SENSOR_11
2025-03-07 23:26:40.784082,-5.350398,-11.065902,26.27,-2.37,-4.46,1.03,6.76,-15.92,-29.08,3985294963.28,188.41,87.57,Jamming,3616,"{'ID': 'FP2517', 'Departure': 'Airport_3', 'Arrival': 'Airport_24', 'Planned Altitude': 34931.05, 'Planned Speed': 563.61}","{'Frequency': 4384.66, 'Content': 'Standard', 'Language': 'English'}",Armed,2,Echelon,KR,Loitering,"{'Visibility': 43934.6, 'Wind Speed': 24.81, 'Cloud Cover': 6.28}",Twilight,Coastal,90585.33,91,Low,73.5,76.96,66.92,1,SENSOR_4
2025-03-07 05:44:57.784082,-26.846031,-52.202081,-16.35,4.84,4.09,-3.58,0.5,2.22,-53.1,1355943064.88,851.65,78.26,Unknown,2260,"{'ID': 'FP4795', 'Departure': 'Airport_18', 'Arrival': 'Airport_20', 'Planned Altitude': 32742.4, 'Planned Speed': 318.0}","{'Frequency': 5614.18, 'Content': 'Standard', 'Language': 'Unknown'}",Unknown,2,Line Abreast,FR,Direct Approach,"{'Visibility': 42413.76, 'Wind Speed': 24.84, 'Cloud Cover': 1.96}",Day,Mountainous,9890.63,80,High,77.11,88.16,82.91,5,SENSOR_7
2025-03-07 07:13:48.784082,16.627001,-158.396684,39.48,4.89,-0.24,-1.14,9.05,2.6,-18.12,8164698431.31,256.5,41.59,None,3804,"{'ID': 'FP6179', 'Departure': 'Airport_46', 'Arrival': 'Airport_27', 'Planned Altitude': 36491.61, 'Planned Speed': 866.92}","{'Frequency': 3699.33, 'Content': 'Standard', 'Language': 'English'}",Armed,2,Echelon,US,Loitering,"{'Visibility': 20920.58, 'Wind Speed': 16.15, 'Cloud Cover': 66.07}",Twilight,Coastal,26460.38,12,Medium,76.38,67.05,96.1,3,SENSOR_5
2025-03-07 00:45:37.784082,75.89046,-164.750231,-29.13,4.22,-4.24,-0.94,-3.73,17.81,-54.83,4797956357.61,324.61,68.87,None,4220,"{'ID': 'FP1862', 'Departure': 'Airport_2', 'Arrival': 'Airport_39', 'Planned Altitude': 39734.05, 'Planned Speed': 741.94}","{'Frequency': 3737.45, 'Content': 'Standard', 'Language': 'English'}",Unknown,1,None,IR,Direct Approach,"{'Visibility': 11970.22, 'Wind Speed': 11.02, 'Cloud Cover': 54.6}",Night,Flat,80449.86,46,Medium,83.62,81.06,85.21,2,SENSOR_3
2025-03-07 04:04:59.784082,-87.902833,46.160347,25.74,-0.45,1.52,-3.32,1.42,-18.68,-10.95,8147893664.26,272.31,98.01,Unknown,5821,"{'ID': 'FP4232', 'Departure': 'Airport_16', 'Arrival': 'Airport_32', 'Planned Altitude': 12068.4, 'Planned Speed': 375.26}","{'Frequency': 830.88, 'Content': 'Standard', 'Language': 'English'}",Unknown,3,None,US,Aggressive Maneuvers,"{'Visibility': 44939.03, 'Wind Speed': 29.85, 'Cloud Cover': 26.3}",Twilight,Mountainous,52976.52,53,Low,67.57,55.54,79.19,4,SENSOR_19
2025-03-07 16:20:07.784082,-8.605674,90.453516,-38.08,0.57,1.97,-1.36,9.02,5.3,-15.67,6273852901.68,797.62,29.58,Spoofing,1060,"{'ID': 'FP6984', 'Departure': 'Airport_43', 'Arrival': 'Airport_48', 'Planned Altitude': 4016.82, 'Planned Speed': 533.19}","{'Frequency': 7157.28, 'Content': 'Standard', 'Language': 'English'}",Armed,5,Echelon,UK,Aggressive Maneuvers,"{'Visibility': 30248.78, 'Wind Speed': 28.26, 'Cloud Cover': 0.26}",Day,Coastal,36708.33,65,High,93.96,59.69,74.17,2,SENSOR_3
2025-03-07 03:46:55.784082,-79.683852,-106.851164,34.29,0.41,-3.12,0.03,2.5,-13.62,-20.89,3441329969.35,222.85,49.25,Spoofing,3220,"{'ID': 'FP4537', 'Departure': 'Airport_45', 'Arrival': 'Airport_21', 'Planned Altitude': 32885.25, 'Planned Speed': 475.03}","{'Frequency': 8724.96, 'Content': 'Encrypted', 'Language': 'English'}",Unknown,2,Line Abreast,US,Aggressive Maneuvers,"{'Visibility': 15541.08, 'Wind Speed': 5.82, 'Cloud Cover': 57.04}",Day,Coastal,85977.66,2,High,69.17,99.25,55.02,5,SENSOR_6
2025-03-07 20:49:12.784082,-50.537527,126.647209,44.96,-3.26,-1.44,4.04,-9.05,6.82,-2.99,6974732209.14,754.5,36.87,Unknown,9871,"{'ID': 'FP6541', 'Departure': 'Airport_39', 'Arrival': 'Airport_21', 'Planned Altitude': 5956.81, 'Planned Speed': 586.59}","{'Frequency': 3489.4, 'Content': 'Standard', 'Language': 'English'}",Unknown,1,None,PK,Loitering,"{'Visibility': 21823.52, 'Wind Speed': 25.78, 'Cloud Cover': 59.94}",Night,Coastal,90640.73,76,Low,95.15,69.71,79.16,2,SENSOR_4
2025-03-07 12:54:15.784082,-17.557028,127.294718,-4.61,4.25,1.84,2.16,-5.83,-0.76,-91.49,6828912273.27,30.65,64.96,None,6808,"{'ID': 'FP7268', 'Departure': 'Airport_38', 'Arrival': 'Airport_14', 'Planned Altitude': 26009.27, 'Planned Speed': 814.49}","{'Frequency': 6241.04, 'Content': 'Standard', 'Language': 'English'}",Unknown,4,V-Formation,RU,Direct Approach,"{'Visibility': 43167.3, 'Wind Speed': 8.51, 'Cloud Cover': 74.99}",Night,Flat,1614.76,67,Medium,57.86,56.11,50.71,4,SENSOR_15
2025-03-07 10:52:03.784082,-85.504435,-131.72711,35.63,-4.85,-0.43,1.85,2.16,-7.62,-59.4,8234016017.88,49.11,38.29,Unknown,9187,"{'ID': 'FP1052', 'Departure': 'Airport_30', 'Arrival': 'Airport_39', 'Planned Altitude': 14887.34, 'Planned Speed': 541.93}","{'Frequency': 1328.66, 'Content': 'Standard', 'Language': 'English'}",Unknown,3,None,RU,Loitering,"{'Visibility': 730.37, 'Wind Speed': 7.85, 'Cloud Cover': 21.39}",Day,Flat,94679.75,62,Medium,70.73,59.57,77.54,1,SENSOR_9
2025-03-07 23:34:05.784082,33.308405,167.289443,-39.02,3.07,2.82,-1.01,-5.06,12.66,-84.53,2129932583.5,338.56,44.42,None,1575,"{'ID': 'FP8198', 'Departure': 'Airport_48', 'Arrival': 'Airport_36', 'Planned Altitude': 33347.03, 'Planned Speed': 642.24}","{'Frequency': 6099.45, 'Content': 'Encrypted', 'Language': 'Unknown'}",Unarmed,1,None,CN,Aggressive Maneuvers,"{'Visibility': 5367.39, 'Wind Speed': 3.66, 'Cloud Cover': 40.68}",Day,Flat,83486.28,42,Low,96.31,92.21,95.82,3,SENSOR_15
2025-03-07 13:20:34.784082,36.331691,-66.442626,4.72,4.78,0.38,0.9,5.1,-12.75,-41.75,1897727220.33,509.18,2.9,Spoofing,5598,"{'ID': 'FP6801', 'Departure': 'Airport_14', 'Arrival': 'Airport_39', 'Planned Altitude': 28488.84, 'Planned Speed': 475.94}","{'Frequency': 564.15, 'Content': 'Standard', 'Language': 'English'}",Unknown,6,Echelon,US,Loitering,"{'Visibility': 12282.2, 'Wind Speed': 16.33, 'Cloud Cover': 92.12}",Twilight,Flat,49644.72,62,High,99.74,88.82,54.12,1,SENSOR_6
2025-03-07 07:42:09.784082,59.972852,-110.619911,15.32,4.66,0.92,2.97,-6.79,6.87,-11.26,9212526591.17,465.98,59.55,Unknown,3099,"{'ID': 'FP2071', 'Departure': 'Airport_29', 'Arrival': 'Airport_41', 'Planned Altitude': 3995.94, 'Planned Speed': 442.01}","{'Frequency': 9292.95, 'Content': 'Standard', 'Language': 'English'}",Armed,4,V-Formation,PK,Direct Approach,"{'Visibility': 15376.89, 'Wind Speed': 15.34, 'Cloud Cover': 41.26}",Twilight,Flat,1784.14,48,Low,97.16,59.1,74.94,3,SENSOR_19
2025-03-07 16:23:41.784082,-88.557825,-168.633196,8.2,4.93,-2.75,-3.4,5.63,-7.26,-19.82,6930589617.86,820.75,16.24,Jamming,1446,"{'ID': 'FP4354', 'Departure': 'Airport_21', 'Arrival': 'Airport_42', 'Planned Altitude': 28469.5, 'Planned Speed': 266.13}","{'Frequency': 122.71, 'Content': 'Standard', 'Language': 'English'}",Unknown,5,None,KR,Aggressive Maneuvers,"{'Visibility': 18583.17, 'Wind Speed': 16.88, 'Cloud Cover': 73.78}",Day,Flat,14492.57,53,Low,69.25,62.99,58.44,4,SENSOR_19
2025-03-07 11:53:13.784082,60.425641,145.864158,-1.67,2.91,2.79,1.38,6.72,-9.11,-27.38,8412328737.88,124.5,27.5,None,5654,"{'ID': 'FP4559', 'Departure': 'Airport_17', 'Arrival': 'Airport_22', 'Planned Altitude': 18386.76, 'Planned Speed': 698.3}","{'Frequency': 1943.51, 'Content': 'Standard', 'Language': 'Unknown'}",Unknown,2,Echelon,DE,Loitering,"{'Visibility': 29907.91, 'Wind Speed': 11.93, 'Cloud Cover': 33.09}",Day,Coastal,47485.34,34,Low,96.1,62.83,69.88,5,SENSOR_1
2025-03-07 04:01:07.784082,-52.954113,-35.357959,25.78,2.98,-1.93,0.78,-9.31,-18.49,-66.92,1500983042.9,797.85,76.19,Jamming,2001,"{'ID': 'FP9136', 'Departure': 'Airport_48', 'Arrival': 'Airport_33', 'Planned Altitude': 27771.23, 'Planned Speed': 223.09}","{'Frequency': 4629.09, 'Content': 'Encrypted', 'Language': 'English'}",Armed,2,None,UK,Aggressive Maneuvers,"{'Visibility': 44712.94, 'Wind Speed': 19.94, 'Cloud Cover': 41.58}",Twilight,Coastal,62162.84,50,High,64.8,99.04,78.12,1,SENSOR_11
2025-03-07 11:32:15.784082,-26.520809,90.314557,8.88,-0.95,-2.84,-2.34,8.99,-16.39,-44.62,8198599936.97,726.3,30.19,Jamming,7606,"{'ID': 'FP4163', 'Departure': 'Airport_33', 'Arrival': 'Airport_49', 'Planned Altitude': 13743.14, 'Planned Speed': 345.64}","{'Frequency': 1048.18, 'Content': 'Encrypted', 'Language': 'English'}",Unknown,4,Echelon,US,Aggressive Maneuvers,"{'Visibility': 41559.7, 'Wind Speed': 2.56, 'Cloud Cover': 37.84}",Night,Coastal,24549.45,3,High,66.02,77.72,96.3,2,SENSOR_7
2025-03-07 01:49:54.784082,-6.713529,149.256376,35.88,-3.9,3.28,3.8,-4.75,16.5,-9.62,9450501489.27,229.06,34.61,Jamming,6769,"{'ID': 'FP5675', 'Departure': 'Airport_44', 'Arrival': 'Airport_27', 'Planned Altitude': 19345.47, 'Planned Speed': 778.42}","{'Frequency': 1196.61, 'Content': 'Standard', 'Language': 'English'}",Armed,6,None,IN,Direct Approach,"{'Visibility': 26389.58, 'Wind Speed': 21.03, 'Cloud Cover': 21.54}",Twilight,Flat,73148.13,53,Medium,99.05,78.98,76.26,3,SENSOR_6
2025-03-07 15:42:11.784082,69.204155,-162.663943,8.65,0.04,0.64,-0.62,-9.53,14.43,-25.16,9347434008.31,979.79,58.6,Unknown,2396,"{'ID': 'FP9483', 'Departure': 'Airport_30', 'Arrival': 'Airport_18', 'Planned Altitude': 2831.37, 'Planned Speed': 251.25}","{'Frequency': 6736.51, 'Content': 'Standard', 'Language': 'English'}",Armed,5,V-Formation,FR,Loitering,"{'Visibility': 3001.57, 'Wind Speed': 12.41, 'Cloud Cover': 50.98}",Night,Mountainous,85951.41,13,High,91.25,88.14,79.87,5,SENSOR_9
2025-03-08 01:12:57.784082,70.668388,44.56335,-11.39,-1.23,2.17,1.5,8.18,4.75,-8.95,1099919303.77,63.36,63.38,Unknown,3210,"{'ID': 'FP6450', 'Departure': 'Airport_6', 'Arrival': 'Airport_18', 'Planned Altitude': 4403.24, 'Planned Speed': 675.12}","{'Frequency': 3793.14, 'Content': 'Encrypted', 'Language': 'English'}",Unarmed,5,None,KR,Aggressive Maneuvers,"{'Visibility': 26057.48, 'Wind Speed': 3.03, 'Cloud Cover': 70.21}",Night,Mountainous,43153.81,18,Medium,84.89,63.87,75.6,2,SENSOR_5
2025-03-07 23:09:58.784082,9.960116,-128.672034,47.36,3.97,-3.23,-1.16,-3.72,15.8,-9.96,1071401895.78,143.83,58.73,Unknown,4484,"{'ID': 'FP4618', 'Departure': 'Airport_44', 'Arrival': 'Airport_43', 'Planned Altitude': 10534.12, 'Planned Speed': 866.44}","{'Frequency': 592.42, 'Content': 'Standard', 'Language': 'English'}",Unknown,3,Line Abreast,CN,Direct Approach,"{'Visibility': 29819.48, 'Wind Speed': 27.15, 'Cloud Cover': 75.92}",Twilight,Coastal,90555.34,96,Low,92.4,74.58,56.55,4,SENSOR_17
2025-03-07 09:13:24.784082,-66.311431,45.026414,31.65,3.74,-4.16,0.04,-7.16,9.02,-64.98,4393446957.22,786.23,4.23,Jamming,3811,"{'ID': 'FP8248', 'Departure': 'Airport_23', 'Arrival': 'Airport_8', 'Planned Altitude': 11839.28, 'Planned Speed': 787.64}","{'Frequency': 9906.76, 'Content': 'Standard', 'Language': 'Unknown'}",Unknown,2,Echelon,IN,Aggressive Maneuvers,"{'Visibility': 9521.85, 'Wind Speed': 24.87, 'Cloud Cover': 81.34}",Night,Flat,5590.36,77,High,81.24,57.42,95.16,4,SENSOR_19
2025-03-07 22:51:35.784082,-10.279533,-36.871966,12.83,-1.35,-0.11,3.25,7.89,18.06,-43.24,7367024337.84,52.81,31.61,Jamming,2297,"{'ID': 'FP6137', 'Departure': 'Airport_40', 'Arrival': 'Airport_23', 'Planned Altitude': 18390.63, 'Planned Speed': 286.24}","{'Frequency': 2041.48, 'Content': 'Encrypted', 'Language': 'English'}",Unarmed,6,None,IN,Loitering,"{'Visibility': 10672.98, 'Wind Speed': 6.18, 'Cloud Cover': 72.93}",Night,Mountainous,30384.11,55,Medium,78.97,69.98,96.16,5,SENSOR_12
2025-03-08 01:34:09.784082,18.113984,-35.710824,-35.95,2.31,-1.88,-2.19,-7.59,-7.46,-90.72,5461770408.31,559.95,76.43,None,2697,"{'ID': 'FP9579', 'Departure': 'Airport_42', 'Arrival': 'Airport_49', 'Planned Altitude': 12824.26, 'Planned Speed': 869.21}","{'Frequency': 4439.36, 'Content': 'Standard', 'Language': 'English'}",Unarmed,3,Line Abreast,UK,Aggressive Maneuvers,"{'Visibility': 33767.62, 'Wind Speed': 9.03, 'Cloud Cover': 6.43}",Day,Coastal,48838.6,44,High,61.94,66.33,91.05,4,SENSOR_11
2025-03-07 08:04:03.784082,86.137328,3.892771,26.72,0.66,0.82,-0.96,-5.41,5.03,-42.93,4482258277.96,503.57,13.65,None,6897,"{'ID': 'FP3109', 'Departure': 'Airport_32', 'Arrival': 'Airport_13', 'Planned Altitude': 16526.45, 'Planned Speed': 886.79}","{'Frequency': 1524.29, 'Content': 'Encrypted', 'Language': 'English'}",Unknown,5,Echelon,DE,Direct Approach,"{'Visibility': 9659.84, 'Wind Speed': 25.62, 'Cloud Cover': 44.45}",Night,Flat,91972.9,28,Medium,55.64,90.58,84.58,5,SENSOR_1
2025-03-07 21:08:52.784082,32.486197,146.208083,49.76,-3.86,1.82,-3.85,5.57,-12.02,-25.17,8017113518.6,916.76,36.58,Spoofing,7699,"{'ID': 'FP8220', 'Departure': 'Airport_50', 'Arrival': 'Airport_25', 'Planned Altitude': 31883.48, 'Planned Speed': 244.89}","{'Frequency': 1392.98, 'Content': 'Standard', 'Language': 'English'}",Unarmed,5,V-Formation,PK,Loitering,"{'Visibility': 23385.18, 'Wind Speed': 19.72, 'Cloud Cover': 20.82}",Night,Flat,34555.35,38,High,97.41,78.23,72.62,5,SENSOR_4
2025-03-07 20:57:51.784082,-52.405034,-51.852594,-47.49,-4.75,2.1,0.65,-2.1,-17.29,-24.0,1027136420.89,79.8,78.79,Jamming,3157,"{'ID': 'FP3498', 'Departure': 'Airport_24', 'Arrival': 'Airport_11', 'Planned Altitude': 13220.46, 'Planned Speed': 279.24}","{'Frequency': 3787.13, 'Content': 'Standard', 'Language': 'English'}",Unarmed,4,None,US,Aggressive Maneuvers,"{'Visibility': 46602.64, 'Wind Speed': 29.71, 'Cloud Cover': 66.41}",Day,Coastal,94533.39,14,Low,76.64,55.53,66.4,3,SENSOR_14
2025-03-06 23:54:37.784082,-19.224079,107.876304,36.83,-3.42,4.28,0.14,-9.95,4.13,-41.14,4676399570.52,567.04,76.07,Unknown,6496,"{'ID': 'FP3052', 'Departure': 'Airport_38', 'Arrival': 'Airport_39', 'Planned Altitude': 34435.46, 'Planned Speed': 291.58}","{'Frequency': 9556.77, 'Content': 'Standard', 'Language': 'English'}",Unknown,5,Line Abreast,PK,Direct Approach,"{'Visibility': 11634.96, 'Wind Speed': 4.32, 'Cloud Cover': 68.2}",Night,Mountainous,13037.12,90,Low,78.54,78.46,58.87,3,SENSOR_12
2025-03-07 18:38:46.784082,-76.217008,55.904779,-18.19,1.18,0.72,1.8,-1.38,-2.03,-88.08,5708484012.75,662.59,65.49,Jamming,8668,"{'ID': 'FP7891', 'Departure': 'Airport_2', 'Arrival': 'Airport_48', 'Planned Altitude': 11830.32, 'Planned Speed': 367.7}","{'Frequency': 2774.24, 'Content': 'Standard', 'Language': 'Unknown'}",Unknown,5,V-Formation,DE,Loitering,"{'Visibility': 28815.95, 'Wind Speed': 6.82, 'Cloud Cover': 72.13}",Night,Flat,74456.4,62,High,56.06,93.56,53.46,3,SENSOR_20
2025-03-07 22:46:41.784082,26.564165,-155.765837,-30.55,0.59,3.24,-1.29,8.12,-2.58,-51.87,6974358809.81,640.64,89.54,Spoofing,9541,"{'ID': 'FP4408', 'Departure': 'Airport_4', 'Arrival': 'Airport_31', 'Planned Altitude': 20653.46, 'Planned Speed': 586.81}","{'Frequency': 4618.9, 'Content': 'Standard', 'Language': 'English'}",Unknown,6,Line Abreast,FR,Aggressive Maneuvers,"{'Visibility': 39254.29, 'Wind Speed': 14.59, 'Cloud Cover': 63.05}",Night,Mountainous,50909.07,68,High,76.24,77.0,96.91,3,SENSOR_12
2025-03-07 19:08:21.784082,-65.612694,-74.983494,32.35,-3.52,-4.23,0.21,-2.31,14.81,-27.82,3938678970.8,402.68,50.99,Spoofing,5443,"{'ID': 'FP4740', 'Departure': 'Airport_26', 'Arrival': 'Airport_31', 'Planned Altitude': 35805.56, 'Planned Speed': 261.04}","{'Frequency': 9259.05, 'Content': 'Standard', 'Language': 'English'}",Unknown,2,None,UK,Loitering,"{'Visibility': 29555.77, 'Wind Speed': 2.27, 'Cloud Cover': 56.78}",Day,Flat,46443.29,74,Low,70.9,76.87,58.48,3,SENSOR_6
2025-03-07 15:04:46.784082,-45.857267,138.122035,-46.59,-4.72,2.01,0.81,-8.63,-8.98,-53.04,6126658439.56,572.51,77.92,None,3678,"{'ID': 'FP9779', 'Departure': 'Airport_43', 'Arrival': 'Airport_15', 'Planned Altitude': 6335.33, 'Planned Speed': 396.06}","{'Frequency': 4058.34, 'Content': 'Standard', 'Language': 'English'}",Unarmed,1,None,KR,Loitering,"{'Visibility': 33393.06, 'Wind Speed': 21.6, 'Cloud Cover': 37.75}",Day,Flat,68047.29,17,High,58.77,67.15,56.12,3,SENSOR_8
2025-03-07 11:26:28.784082,86.910471,-2.999632,7.46,2.77,-3.93,1.16,5.79,-3.52,-65.69,3309346710.0,961.65,31.33,Jamming,6242,"{'ID': 'FP4325', 'Departure': 'Airport_2', 'Arrival': 'Airport_16', 'Planned Altitude': 28171.32, 'Planned Speed': 399.18}","{'Frequency': 9347.06, 'Content': 'Encrypted', 'Language': 'English'}",Armed,1,None,DE,Loitering,"{'Visibility': 37955.02, 'Wind Speed': 0.29, 'Cloud Cover': 58.53}",Day,Coastal,46859.15,37,High,62.3,69.4,92.9,2,SENSOR_2
2025-03-06 23:34:20.784082,59.50438,14.513504,28.51,-2.49,-4.28,-0.75,0.73,7.38,-11.24,7379926648.28,200.0,24.15,Spoofing,8927,"{'ID': 'FP9369', 'Departure': 'Airport_47', 'Arrival': 'Airport_3', 'Planned Altitude': 2241.49, 'Planned Speed': 348.62}","{'Frequency': 3654.32, 'Content': 'Standard', 'Language': 'English'}",Unknown,1,None,US,Loitering,"{'Visibility': 13949.52, 'Wind Speed': 25.81, 'Cloud Cover': 73.51}",Twilight,Flat,82813.62,71,Medium,94.61,63.38,81.07,4,SENSOR_16
2025-03-07 20:55:27.784082,29.804309,102.686141,-43.8,4.39,-0.06,4.26,-0.13,-6.55,-55.09,8972516747.66,173.13,43.2,Spoofing,4913,"{'ID': 'FP3992', 'Departure': 'Airport_11', 'Arrival': 'Airport_16', 'Planned Altitude': 39407.43, 'Planned Speed': 440.19}","{'Frequency': 3815.96, 'Content': 'Standard', 'Language': 'English'}",Unknown,6,None,IR,Loitering,"{'Visibility': 3266.4, 'Wind Speed': 10.55, 'Cloud Cover': 56.16}",Night,Flat,15088.3,30,Medium,62.29,96.03,50.16,3,SENSOR_13
2025-03-07 09:52:04.784082,-83.444178,-96.552197,45.95,1.46,2.94,-2.29,0.94,18.87,-75.46,4391260230.22,583.27,84.49,Jamming,8273,"{'ID': 'FP5246', 'Departure': 'Airport_23', 'Arrival': 'Airport_7', 'Planned Altitude': 1049.05, 'Planned Speed': 837.99}","{'Frequency': 9483.47, 'Content': 'Encrypted', 'Language': 'Unknown'}",Armed,4,V-Formation,UK,Aggressive Maneuvers,"{'Visibility': 44820.62, 'Wind Speed': 6.66, 'Cloud Cover': 11.68}",Night,Mountainous,98222.57,39,High,98.26,95.26,78.22,5,SENSOR_2
2025-03-07 06:39:28.784082,-80.892237,91.980324,2.61,4.09,-3.21,-1.66,-4.21,-19.9,-65.88,1734941925.95,31.41,2.14,Spoofing,2707,"{'ID': 'FP6519', 'Departure': 'Airport_24', 'Arrival': 'Airport_46', 'Planned Altitude': 6021.84, 'Planned Speed': 630.35}","{'Frequency': 524.75, 'Content': 'Standard', 'Language': 'Unknown'}",Unarmed,4,Line Abreast,CN,Loitering,"{'Visibility': 4118.05, 'Wind Speed': 20.45, 'Cloud Cover': 50.53}",Night,Flat,40246.85,65,Low,76.98,98.28,93.6,5,SENSOR_16
2025-03-07 08:41:16.784082,-37.518243,106.505741,-42.38,4.16,-0.47,4.35,6.6,12.63,-31.73,6440813881.52,254.58,31.37,None,2089,"{'ID': 'FP6569', 'Departure': 'Airport_27', 'Arrival': 'Airport_18', 'Planned Altitude': 24152.76, 'Planned Speed': 691.73}","{'Frequency': 8725.15, 'Content': 'Standard', 'Language': 'English'}",Unarmed,1,None,IR,Direct Approach,"{'Visibility': 33738.28, 'Wind Speed': 19.68, 'Cloud Cover': 95.82}",Day,Coastal,31942.69,53,Medium,62.25,55.64,50.81,1,SENSOR_6
2025-03-07 21:23:32.784082,-22.968988,123.90772,3.23,2.34,2.96,2.18,2.0,-13.15,-92.88,2169100900.9,258.3,70.69,Spoofing,1130,"{'ID': 'FP5775', 'Departure': 'Airport_48', 'Arrival': 'Airport_12', 'Planned Altitude': 27558.51, 'Planned Speed': 469.84}","{'Frequency': 335.15, 'Content': 'Standard', 'Language': 'Unknown'}",Armed,4,Echelon,IR,Loitering,"{'Visibility': 5621.71, 'Wind Speed': 6.45, 'Cloud Cover': 45.24}",Night,Coastal,56427.32,6,Low,53.11,80.31,85.06,2,SENSOR_4
2025-03-07 20:12:24.784082,0.173707,151.3459,-20.29,0.21,-1.78,-0.83,6.46,2.77,-90.83,8698243871.83,725.84,37.98,Jamming,2122,"{'ID': 'FP2750', 'Departure': 'Airport_35', 'Arrival': 'Airport_9', 'Planned Altitude': 17752.84, 'Planned Speed': 529.75}","{'Frequency': 5671.27, 'Content': 'Encrypted', 'Language': 'Unknown'}",Unknown,6,Line Abreast,US,Aggressive Maneuvers,"{'Visibility': 42674.21, 'Wind Speed': 25.3, 'Cloud Cover': 72.16}",Night,Coastal,67460.32,3,High,57.84,54.81,63.74,1,SENSOR_6
2025-03-07 22:33:43.784082,-31.024871,-101.837031,44.96,-2.85,3.63,4.82,2.04,-5.61,-16.25,7237270532.3,676.65,56.24,None,3639,"{'ID': 'FP1289', 'Departure': 'Airport_21', 'Arrival': 'Airport_48', 'Planned Altitude': 8511.14, 'Planned Speed': 591.15}","{'Frequency': 3948.37, 'Content': 'Standard', 'Language': 'English'}",Unknown,2,Line Abreast,FR,Aggressive Maneuvers,"{'Visibility': 40303.87, 'Wind Speed': 25.57, 'Cloud Cover': 73.8}",Night,Flat,64451.17,62,Low,82.81,73.13,69.06,5,SENSOR_10
2025-03-07 17:26:40.784082,64.492893,-78.843353,27.36,-1.31,4.09,-2.55,-5.47,17.96,-28.44,3147420886.56,239.53,56.03,None,4677,"{'ID': 'FP3996', 'Departure': 'Airport_33', 'Arrival': 'Airport_45', 'Planned Altitude': 34486.33, 'Planned Speed': 663.54}","{'Frequency': 856.45, 'Content': 'Standard', 'Language': 'English'}",Armed,3,Line Abreast,PK,Direct Approach,"{'Visibility': 22152.94, 'Wind Speed': 24.02, 'Cloud Cover': 88.51}",Night,Mountainous,43838.05,84,High,93.1,91.89,58.9,3,SENSOR_2
2025-03-07 22:04:26.784082,-25.004304,-37.124197,41.43,4.18,1.23,-0.98,8.81,-9.46,-62.97,2139730152.1,270.81,62.11,None,7833,"{'ID': 'FP2089', 'Departure': 'Airport_23', 'Arrival': 'Airport_28', 'Planned Altitude': 6503.49, 'Planned Speed': 808.57}","{'Frequency': 3681.76, 'Content': 'Standard', 'Language': 'English'}",Unknown,3,Echelon,DE,Loitering,"{'Visibility': 19237.26, 'Wind Speed': 5.38, 'Cloud Cover': 29.57}",Twilight,Coastal,13840.87,72,High,58.63,65.88,72.8,5,SENSOR_16
2025-03-07 04:27:48.784082,-10.636382,5.677027,10.7,-3.06,-3.88,-0.09,-5.99,10.28,-4.99,9968387657.36,790.88,38.05,None,2212,"{'ID': 'FP3653', 'Departure': 'Airport_41', 'Arrival': 'Airport_46', 'Planned Altitude': 31753.31, 'Planned Speed': 498.28}","{'Frequency': 5648.25, 'Content': 'Standard', 'Language': 'English'}",Armed,3,Echelon,CN,Loitering,"{'Visibility': 12543.77, 'Wind Speed': 4.05, 'Cloud Cover': 39.92}",Twilight,Flat,37415.22,19,Low,61.51,74.73,74.6,4,SENSOR_9
2025-03-07 22:24:14.784082,-25.304611,46.316525,45.58,-1.02,1.86,-2.92,3.55,-1.98,-93.31,8761527684.54,103.64,38.25,Unknown,7959,"{'ID': 'FP8763', 'Departure': 'Airport_48', 'Arrival': 'Airport_21', 'Planned Altitude': 31439.43, 'Planned Speed': 642.37}","{'Frequency': 341.12, 'Content': 'Standard', 'Language': 'English'}",Armed,6,Echelon,DE,Direct Approach,"{'Visibility': 29210.88, 'Wind Speed': 0.65, 'Cloud Cover': 94.52}",Twilight,Flat,31804.95,98,Low,62.71,98.07,55.18,3,SENSOR_7
2025-03-07 14:35:08.784082,12.21323,122.375222,-10.53,-0.27,4.92,0.21,-2.75,-12.22,-25.87,6543780992.36,371.22,10.54,Jamming,1735,"{'ID': 'FP4165', 'Departure': 'Airport_49', 'Arrival': 'Airport_16', 'Planned Altitude': 7117.64, 'Planned Speed': 747.74}","{'Frequency': 549.16, 'Content': 'Standard', 'Language': 'Unknown'}",Unknown,6,None,IR,Aggressive Maneuvers,"{'Visibility': 3601.05, 'Wind Speed': 20.4, 'Cloud Cover': 37.2}",Twilight,Coastal,55491.58,33,High,60.26,68.81,84.4,4,SENSOR_11
2025-03-07 16:29:07.784082,-6.246452,-53.768202,40.26,2.24,-2.46,-1.53,-7.3,-1.05,-10.24,5056958738.06,543.41,54.98,None,1207,"{'ID': 'FP9334', 'Departure': 'Airport_46', 'Arrival': 'Airport_28', 'Planned Altitude': 20132.77, 'Planned Speed': 843.99}","{'Frequency': 7096.47, 'Content': 'Standard', 'Language': 'English'}",Unarmed,3,Echelon,US,Aggressive Maneuvers,"{'Visibility': 18041.17, 'Wind Speed': 29.7, 'Cloud Cover': 11.77}",Twilight,Mountainous,50328.93,46,Low,74.52,70.06,58.45,2,SENSOR_7
2025-03-07 23:35:07.784082,52.771838,-64.461872,-38.75,-3.45,2.37,-2.29,3.23,-1.56,-63.24,1762762849.0,350.01,51.24,Spoofing,3573,"{'ID': 'FP4713', 'Departure': 'Airport_29', 'Arrival': 'Airport_48', 'Planned Altitude': 7735.36, 'Planned Speed': 364.25}","{'Frequency': 3325.19, 'Content': 'Encrypted', 'Language': 'English'}",Armed,2,Line Abreast,FR,Aggressive Maneuvers,"{'Visibility': 33755.07, 'Wind Speed': 27.87, 'Cloud Cover': 70.99}",Night,Coastal,25262.52,48,High,86.72,89.42,74.32,1,SENSOR_20
2025-03-07 01:40:57.784082,-55.73635,8.691166,-14.59,-2.76,0.43,1.84,0.81,19.35,-78.14,9527212838.95,840.15,2.75,Jamming,2100,"{'ID': 'FP4064', 'Departure': 'Airport_14', 'Arrival': 'Airport_25', 'Planned Altitude': 22828.58, 'Planned Speed': 818.2}","{'Frequency': 3869.34, 'Content': 'Encrypted', 'Language': 'English'}",Armed,6,Line Abreast,PK,Aggressive Maneuvers,"{'Visibility': 27101.05, 'Wind Speed': 16.86, 'Cloud Cover': 3.82}",Twilight,Coastal,15540.1,66,Medium,59.89,64.61,63.59,3,SENSOR_2
2025-03-07 06:51:29.784082,45.913743,3.054958,47.03,-2.61,2.54,-0.48,3.39,-11.22,-26.45,6496794611.53,523.69,81.39,None,9974,"{'ID': 'FP1229', 'Departure': 'Airport_38', 'Arrival': 'Airport_3', 'Planned Altitude': 17479.35, 'Planned Speed': 493.36}","{'Frequency': 1540.98, 'Content': 'Standard', 'Language': 'English'}",Armed,1,None,IN,Aggressive Maneuvers,"{'Visibility': 6950.64, 'Wind Speed': 12.46, 'Cloud Cover': 68.9}",Night,Flat,47051.84,47,Medium,93.52,56.89,55.02,1,SENSOR_4
2025-03-07 14:40:15.784082,8.566185,-132.045687,-12.3,-1.98,3.67,-4.62,9.96,6.17,-20.62,6668992477.66,566.01,18.46,Unknown,4040,"{'ID': 'FP1279', 'Departure': 'Airport_14', 'Arrival': 'Airport_34', 'Planned Altitude': 11093.47, 'Planned Speed': 796.19}","{'Frequency': 5053.11, 'Content': 'Standard', 'Language': 'English'}",Unarmed,4,Echelon,US,Direct Approach,"{'Visibility': 32464.18, 'Wind Speed': 21.37, 'Cloud Cover': 57.03}",Day,Flat,11614.32,92,Low,55.7,64.83,61.7,4,SENSOR_20
2025-03-07 13:11:06.784082,45.923628,102.872099,46.25,-2.65,-3.75,4.8,-5.2,-10.5,-63.75,8638564618.88,681.91,70.57,Spoofing,4481,"{'ID': 'FP9148', 'Departure': 'Airport_23', 'Arrival': 'Airport_34', 'Planned Altitude': 4445.96, 'Planned Speed': 609.33}","{'Frequency': 3887.78, 'Content': 'Standard', 'Language': 'English'}",Unarmed,6,None,IN,Aggressive Maneuvers,"{'Visibility': 33975.55, 'Wind Speed': 29.35, 'Cloud Cover': 62.38}",Day,Coastal,24412.47,90,Medium,84.96,99.38,87.99,1,SENSOR_9
2025-03-07 17:02:42.784082,-15.347943,166.001063,-10.27,-4.52,4.21,1.14,9.36,-9.02,-72.95,2525546398.14,344.66,48.17,Spoofing,1558,"{'ID': 'FP4757', 'Departure': 'Airport_31', 'Arrival': 'Airport_33', 'Planned Altitude': 8799.59, 'Planned Speed': 201.08}","{'Frequency': 9238.06, 'Content': 'Standard', 'Language': 'Unknown'}",Unknown,6,None,PK,Direct Approach,"{'Visibility': 34712.72, 'Wind Speed': 28.96, 'Cloud Cover': 99.79}",Day,Flat,88549.0,51,Low,94.03,76.56,83.18,2,SENSOR_1
2025-03-07 11:24:17.784082,-47.687806,-179.332386,20.07,0.17,3.1,1.72,9.17,-19.41,-7.71,2568370019.39,377.92,70.48,Jamming,1339,"{'ID': 'FP8626', 'Departure': 'Airport_40', 'Arrival': 'Airport_3', 'Planned Altitude': 10313.04, 'Planned Speed': 215.12}","{'Frequency': 3662.16, 'Content': 'Standard', 'Language': 'English'}",Unarmed,6,V-Formation,PK,Aggressive Maneuvers,"{'Visibility': 19007.91, 'Wind Speed': 6.77, 'Cloud Cover': 15.9}",Twilight,Flat,2379.92,8,High,81.38,76.58,98.11,3,SENSOR_20
2025-03-06 22:57:08.784082,-53.869695,176.417533,32.69,-2.15,1.14,1.4,1.5,2.14,-7.28,6908346939.99,863.27,56.4,None,9771,"{'ID': 'FP9774', 'Departure': 'Airport_27', 'Arrival': 'Airport_9', 'Planned Altitude': 21412.89, 'Planned Speed': 493.27}","{'Frequency': 1725.33, 'Content': 'Standard', 'Language': 'English'}",Unarmed,4,Echelon,PK,Loitering,"{'Visibility': 46697.85, 'Wind Speed': 17.67, 'Cloud Cover': 73.16}",Day,Mountainous,61203.84,60,Low,95.36,91.75,79.12,1,SENSOR_13
2025-03-06 22:59:27.784082,88.480675,173.682371,16.48,-4.01,-2.01,-4.18,0.93,15.78,-90.49,3312199045.43,71.25,65.37,Spoofing,3099,"{'ID': 'FP3362', 'Departure': 'Airport_8', 'Arrival': 'Airport_48', 'Planned Altitude': 14499.71, 'Planned Speed': 280.93}","{'Frequency': 722.71, 'Content': 'Standard', 'Language': 'English'}",Unknown,4,Echelon,PK,Aggressive Maneuvers,"{'Visibility': 8037.78, 'Wind Speed': 22.08, 'Cloud Cover': 13.59}",Night,Flat,74807.75,85,High,92.22,77.55,79.77,2,SENSOR_4
2025-03-07 10:29:57.784082,76.203496,-117.233787,-49.48,4.93,3.87,-3.73,-5.88,8.32,-3.56,3622752734.64,851.67,57.66,Spoofing,8907,"{'ID': 'FP8344', 'Departure': 'Airport_33', 'Arrival': 'Airport_32', 'Planned Altitude': 28624.18, 'Planned Speed': 210.84}","{'Frequency': 4338.83, 'Content': 'Encrypted', 'Language': 'Unknown'}",Armed,1,None,RU,Loitering,"{'Visibility': 47883.39, 'Wind Speed': 19.4, 'Cloud Cover': 90.99}",Day,Flat,38926.01,41,High,78.1,92.89,66.17,5,SENSOR_2
2025-03-08 01:27:30.784082,4.761688,82.410078,32.25,-0.65,-0.56,1.65,9.21,9.02,-72.26,5872176074.04,577.65,61.56,Jamming,6723,"{'ID': 'FP5651', 'Departure': 'Airport_39', 'Arrival': 'Airport_7', 'Planned Altitude': 15036.11, 'Planned Speed': 473.05}","{'Frequency': 3459.54, 'Content': 'Standard', 'Language': 'English'}",Armed,3,Line Abreast,FR,Loitering,"{'Visibility': 16231.23, 'Wind Speed': 8.99, 'Cloud Cover': 44.75}",Day,Coastal,50222.58,15,High,80.53,97.02,98.08,4,SENSOR_12
2025-03-07 23:23:18.784082,51.927097,-42.174215,-46.39,-3.91,-3.07,-4.05,3.58,-4.51,-0.75,3796513721.76,97.34,64.75,Unknown,7451,"{'ID': 'FP4464', 'Departure': 'Airport_7', 'Arrival': 'Airport_34', 'Planned Altitude': 7846.43, 'Planned Speed': 266.07}","{'Frequency': 5907.85, 'Content': 'Standard', 'Language': 'English'}",Unarmed,6,Line Abreast,KR,Direct Approach,"{'Visibility': 6762.56, 'Wind Speed': 26.05, 'Cloud Cover': 29.99}",Night,Flat,90188.81,79,Low,81.17,60.71,74.39,5,SENSOR_1
2025-03-07 14:12:31.784082,23.489095,156.26217,49.62,0.55,-0.51,1.14,0.3,-11.49,-35.9,1322613577.12,168.58,33.83,None,9196,"{'ID': 'FP7197', 'Departure': 'Airport_35', 'Arrival': 'Airport_10', 'Planned Altitude': 39881.59, 'Planned Speed': 373.79}","{'Frequency': 9470.09, 'Content': 'Standard', 'Language': 'English'}",Unarmed,4,Echelon,IN,Loitering,"{'Visibility': 9771.63, 'Wind Speed': 19.37, 'Cloud Cover': 47.0}",Twilight,Mountainous,54270.74,18,Medium,56.17,96.29,60.99,3,SENSOR_11
2025-03-07 21:47:09.784082,61.262568,76.372463,-44.32,-0.57,3.05,4.35,-1.1,-15.94,-28.86,4551564348.47,351.46,61.48,None,9439,"{'ID': 'FP6487', 'Departure': 'Airport_7', 'Arrival': 'Airport_49', 'Planned Altitude': 8159.05, 'Planned Speed': 639.56}","{'Frequency': 5458.61, 'Content': 'Standard', 'Language': 'English'}",Armed,1,None,KR,Direct Approach,"{'Visibility': 35841.94, 'Wind Speed': 8.31, 'Cloud Cover': 37.53}",Night,Mountainous,77397.05,45,High,70.71,66.14,58.1,4,SENSOR_6
2025-03-07 18:41:12.784082,-36.22446,101.070538,-35.91,2.11,-4.4,1.92,-1.77,19.22,-33.97,3184000138.53,298.39,76.26,Spoofing,6135,"{'ID': 'FP4783', 'Departure': 'Airport_16', 'Arrival': 'Airport_49', 'Planned Altitude': 34176.26, 'Planned Speed': 687.89}","{'Frequency': 7362.05, 'Content': 'Standard', 'Language': 'English'}",Armed,3,Echelon,PK,Aggressive Maneuvers,"{'Visibility': 22130.54, 'Wind Speed': 14.45, 'Cloud Cover': 2.42}",Day,Mountainous,77738.91,9,High,97.53,77.22,83.04,1,SENSOR_13
2025-03-07 01:51:35.784082,37.590337,-91.22516,19.81,-3.63,0.61,3.39,5.15,-18.52,-94.5,8638579837.66,144.22,36.01,Spoofing,9888,"{'ID': 'FP1527', 'Departure': 'Airport_10', 'Arrival': 'Airport_48', 'Planned Altitude': 10792.85, 'Planned Speed': 653.39}","{'Frequency': 4091.55, 'Content': 'Standard', 'Language': 'English'}",Armed,3,Line Abreast,PK,Aggressive Maneuvers,"{'Visibility': 14754.34, 'Wind Speed': 14.11, 'Cloud Cover': 54.75}",Night,Flat,18722.27,97,Medium,66.49,79.21,90.77,2,SENSOR_10
2025-03-07 16:29:19.784082,4.013161,72.39574,6.86,-0.21,0.82,3.3,1.22,-6.43,-90.53,3780659158.48,631.16,70.08,Spoofing,6141,"{'ID': 'FP1111', 'Departure': 'Airport_17', 'Arrival': 'Airport_10', 'Planned Altitude': 28802.29, 'Planned Speed': 268.97}","{'Frequency': 4413.71, 'Content': 'Encrypted', 'Language': 'English'}",Armed,6,V-Formation,CN,Direct Approach,"{'Visibility': 8066.11, 'Wind Speed': 1.75, 'Cloud Cover': 30.42}",Day,Coastal,29003.18,17,High,71.79,61.68,88.93,5,SENSOR_5
2025-03-07 09:45:45.784082,-15.729532,84.62455,-8.36,4.07,4.64,3.05,7.28,6.62,-9.28,6021768085.1,69.13,88.08,Unknown,6200,"{'ID': 'FP6595', 'Departure': 'Airport_13', 'Arrival': 'Airport_45', 'Planned Altitude': 10107.64, 'Planned Speed': 421.8}","{'Frequency': 9686.35, 'Content': 'Encrypted', 'Language': 'English'}",Armed,1,None,US,Aggressive Maneuvers,"{'Visibility': 29507.59, 'Wind Speed': 14.78, 'Cloud Cover': 90.49}",Twilight,Flat,43207.63,37,High,66.73,64.77,72.43,5,SENSOR_3
2025-03-07 03:41:50.784082,26.418234,164.550586,-38.57,-1.12,1.98,-3.03,-0.28,-11.54,-32.41,5703922673.47,578.13,72.98,None,8061,"{'ID': 'FP9037', 'Departure': 'Airport_26', 'Arrival': 'Airport_1', 'Planned Altitude': 30496.11, 'Planned Speed': 858.96}","{'Frequency': 5939.88, 'Content': 'Standard', 'Language': 'English'}",Unknown,5,V-Formation,CN,Direct Approach,"{'Visibility': 42681.84, 'Wind Speed': 12.09, 'Cloud Cover': 12.56}",Night,Flat,57634.05,50,Low,77.46,63.89,89.17,5,SENSOR_7
2025-03-07 23:33:01.784082,10.000503,-157.586643,17.99,3.51,-3.28,0.99,0.31,4.42,-4.94,1007174181.37,201.04,3.2,Jamming,9239,"{'ID': 'FP4327', 'Departure': 'Airport_31', 'Arrival': 'Airport_42', 'Planned Altitude': 8573.61, 'Planned Speed': 261.11}","{'Frequency': 5517.32, 'Content': 'Standard', 'Language': 'English'}",Unarmed,4,V-Formation,KR,Aggressive Maneuvers,"{'Visibility': 16337.97, 'Wind Speed': 17.37, 'Cloud Cover': 20.47}",Day,Mountainous,72165.14,95,High,77.09,66.03,62.82,5,SENSOR_10
2025-03-07 12:40:31.784082,-2.406137,51.804576,31.65,4.08,-0.5,2.71,-9.08,-8.68,-6.69,5763935313.91,512.42,40.28,None,1236,"{'ID': 'FP4038', 'Departure': 'Airport_16', 'Arrival': 'Airport_22', 'Planned Altitude': 22242.62, 'Planned Speed': 766.81}","{'Frequency': 7935.47, 'Content': 'Standard', 'Language': 'English'}",Unarmed,3,None,IR,Aggressive Maneuvers,"{'Visibility': 13998.34, 'Wind Speed': 6.08, 'Cloud Cover': 0.28}",Night,Flat,6791.55,61,High,66.43,58.73,94.94,4,SENSOR_19
2025-03-07 06:38:34.784082,-23.622247,162.812339,38.86,-0.77,-2.61,-1.91,2.67,8.6,-77.28,3306015682.31,130.7,63.05,Spoofing,5293,"{'ID': 'FP8698', 'Departure': 'Airport_35', 'Arrival': 'Airport_49', 'Planned Altitude': 18325.99, 'Planned Speed': 224.6}","{'Frequency': 4150.02, 'Content': 'Encrypted', 'Language': 'English'}",Unknown,3,Line Abreast,DE,Aggressive Maneuvers,"{'Visibility': 12047.1, 'Wind Speed': 11.69, 'Cloud Cover': 10.52}",Night,Coastal,49041.65,53,High,68.08,94.74,57.44,5,SENSOR_17
2025-03-07 07:07:36.784082,-13.902303,47.714951,4.71,-3.65,-4.32,-3.33,0.1,3.81,-93.65,5277152131.26,736.38,99.04,Unknown,8674,"{'ID': 'FP9753', 'Departure': 'Airport_44', 'Arrival': 'Airport_35', 'Planned Altitude': 8807.93, 'Planned Speed': 509.24}","{'Frequency': 4396.17, 'Content': 'Standard', 'Language': 'English'}",Unarmed,2,V-Formation,UK,Direct Approach,"{'Visibility': 21398.0, 'Wind Speed': 15.75, 'Cloud Cover': 26.83}",Twilight,Coastal,27321.14,15,Low,50.37,55.34,55.66,1,SENSOR_8
2025-03-07 17:40:13.784082,19.607283,110.54134,-3.4,3.31,-1.1,2.52,-8.06,18.96,-69.92,5789709089.19,794.62,48.69,Unknown,1267,"{'ID': 'FP4931', 'Departure': 'Airport_8', 'Arrival': 'Airport_26', 'Planned Altitude': 39835.67, 'Planned Speed': 381.8}","{'Frequency': 6588.4, 'Content': 'Standard', 'Language': 'English'}",Unknown,1,None,CN,Loitering,"{'Visibility': 32646.98, 'Wind Speed': 16.63, 'Cloud Cover': 76.55}",Night,Flat,27608.63,31,Medium,57.78,63.97,79.3,4,SENSOR_8
2025-03-07 00:42:29.784082,20.157995,119.810509,40.94,-1.65,-2.74,-0.54,6.64,-0.25,-99.67,7897370372.26,232.97,15.03,Spoofing,9905,"{'ID': 'FP9205', 'Departure': 'Airport_30', 'Arrival': 'Airport_23', 'Planned Altitude': 31952.46, 'Planned Speed': 296.81}","{'Frequency': 3458.2, 'Content': 'Standard', 'Language': 'English'}",Unknown,1,None,US,Direct Approach,"{'Visibility': 10749.11, 'Wind Speed': 9.53, 'Cloud Cover': 13.92}",Day,Coastal,5767.58,45,Medium,64.68,65.43,91.35,5,SENSOR_14
2025-03-07 00:38:03.784082,39.923262,78.487021,47.06,-3.9,1.68,-3.45,-5.22,18.08,-35.35,6231304164.6,536.1,86.04,None,5152,"{'ID': 'FP6556', 'Departure': 'Airport_25', 'Arrival': 'Airport_34', 'Planned Altitude': 7557.51, 'Planned Speed': 576.25}","{'Frequency': 8882.18, 'Content': 'Encrypted', 'Language': 'English'}",Armed,2,Line Abreast,IR,Loitering,"{'Visibility': 36653.04, 'Wind Speed': 12.19, 'Cloud Cover': 7.06}",Twilight,Flat,54940.21,60,Medium,63.45,67.63,71.37,2,SENSOR_4
2025-03-07 14:20:19.784082,13.289443,21.92702,46.29,-2.45,4.03,1.38,5.71,15.99,-98.85,8857528428.44,942.59,52.36,Unknown,2192,"{'ID': 'FP8600', 'Departure': 'Airport_42', 'Arrival': 'Airport_15', 'Planned Altitude': 26412.16, 'Planned Speed': 278.43}","{'Frequency': 5868.11, 'Content': 'Encrypted', 'Language': 'English'}",Armed,6,Line Abreast,IN,Loitering,"{'Visibility': 4867.99, 'Wind Speed': 17.6, 'Cloud Cover': 42.4}",Day,Mountainous,96974.7,86,Low,80.71,74.24,69.43,3,SENSOR_4
2025-03-07 01:23:41.784082,36.691255,-141.916083,8.19,-0.1,2.87,-4.19,-7.87,-4.78,-86.19,8620372021.21,787.89,58.6,Jamming,5696,"{'ID': 'FP3130', 'Departure': 'Airport_4', 'Arrival': 'Airport_36', 'Planned Altitude': 13523.98, 'Planned Speed': 448.72}","{'Frequency': 7264.16, 'Content': 'Standard', 'Language': 'English'}",Unarmed,4,Line Abreast,KR,Aggressive Maneuvers,"{'Visibility': 903.33, 'Wind Speed': 19.7, 'Cloud Cover': 27.37}",Day,Coastal,97667.87,78,Low,56.04,55.54,68.36,4,SENSOR_19
2025-03-07 16:30:39.784082,83.780533,73.032646,-24.3,-2.47,-4.75,3.08,0.3,11.39,-1.39,1170435473.69,431.46,31.22,Spoofing,1111,"{'ID': 'FP3903', 'Departure': 'Airport_13', 'Arrival': 'Airport_23', 'Planned Altitude': 15695.6, 'Planned Speed': 372.88}","{'Frequency': 2694.07, 'Content': 'Standard', 'Language': 'English'}",Unknown,1,None,PK,Loitering,"{'Visibility': 23333.4, 'Wind Speed': 17.67, 'Cloud Cover': 52.65}",Night,Coastal,55747.0,63,Medium,81.15,94.93,96.4,1,SENSOR_12
2025-03-07 18:11:12.784082,-34.822735,-26.31525,3.13,3.31,-0.93,2.37,2.74,17.95,-81.23,9031701124.31,608.78,70.29,Jamming,4948,"{'ID': 'FP2610', 'Departure': 'Airport_44', 'Arrival': 'Airport_37', 'Planned Altitude': 36799.42, 'Planned Speed': 228.18}","{'Frequency': 2233.38, 'Content': 'Encrypted', 'Language': 'English'}",Armed,4,Echelon,UK,Loitering,"{'Visibility': 33801.98, 'Wind Speed': 14.01, 'Cloud Cover': 90.5}",Twilight,Coastal,85324.57,99,High,57.17,73.8,62.59,1,SENSOR_1
2025-03-07 11:31:17.784082,-58.294267,100.003274,9.03,1.87,0.68,-3.49,2.21,-4.82,-99.18,5286763770.31,321.54,86.4,Spoofing,9435,"{'ID': 'FP4774', 'Departure': 'Airport_4', 'Arrival': 'Airport_28', 'Planned Altitude': 18357.69, 'Planned Speed': 253.48}","{'Frequency': 9621.89, 'Content': 'Standard', 'Language': 'English'}",Unknown,5,Echelon,UK,Loitering,"{'Visibility': 37924.0, 'Wind Speed': 2.84, 'Cloud Cover': 68.74}",Night,Flat,61379.05,99,High,85.05,74.65,67.6,3,SENSOR_4
2025-03-07 05:12:21.784082,-52.208295,-74.278774,-26.43,-3.46,-0.29,0.92,-1.89,6.07,-19.71,4586486386.83,855.87,60.41,Spoofing,8365,"{'ID': 'FP9625', 'Departure': 'Airport_40', 'Arrival': 'Airport_2', 'Planned Altitude': 11805.99, 'Planned Speed': 806.6}","{'Frequency': 2192.63, 'Content': 'Encrypted', 'Language': 'English'}",Unarmed,2,None,CN,Direct Approach,"{'Visibility': 21214.81, 'Wind Speed': 15.72, 'Cloud Cover': 34.11}",Day,Mountainous,4814.44,3,Low,96.2,63.44,81.25,4,SENSOR_12
2025-03-07 03:00:42.784082,-52.755899,-122.450169,5.82,-3.61,4.2,2.77,4.63,-1.48,-36.4,8584338574.98,829.01,98.59,None,2829,"{'ID': 'FP1562', 'Departure': 'Airport_27', 'Arrival': 'Airport_25', 'Planned Altitude': 28262.61, 'Planned Speed': 619.24}","{'Frequency': 8278.99, 'Content': 'Standard', 'Language': 'Unknown'}",Unarmed,6,Echelon,CN,Direct Approach,"{'Visibility': 35456.45, 'Wind Speed': 1.3, 'Cloud Cover': 34.48}",Day,Mountainous,24529.83,30,High,74.87,86.67,97.41,2,SENSOR_11
2025-03-07 14:12:09.784082,-27.938637,-71.47642,-46.61,3.45,-3.0,2.05,3.35,-14.68,-75.42,1497032104.05,759.51,93.77,Unknown,6011,"{'ID': 'FP5739', 'Departure': 'Airport_44', 'Arrival': 'Airport_44', 'Planned Altitude': 28527.48, 'Planned Speed': 659.75}","{'Frequency': 9579.66, 'Content': 'Standard', 'Language': 'English'}",Unarmed,6,V-Formation,RU,Loitering,"{'Visibility': 16205.95, 'Wind Speed': 29.51, 'Cloud Cover': 8.21}",Day,Mountainous,45557.2,83,High,80.68,68.61,72.48,3,SENSOR_8
2025-03-07 07:47:06.784082,85.358314,51.028503,15.34,-4.4,0.41,3.83,8.67,19.61,-12.17,9739339205.6,887.81,56.84,Unknown,7902,"{'ID': 'FP9989', 'Departure': 'Airport_11', 'Arrival': 'Airport_43', 'Planned Altitude': 35148.99, 'Planned Speed': 815.31}","{'Frequency': 7979.83, 'Content': 'Standard', 'Language': 'English'}",Unarmed,5,Echelon,CN,Aggressive Maneuvers,"{'Visibility': 10971.14, 'Wind Speed': 19.38, 'Cloud Cover': 65.93}",Twilight,Flat,55844.76,35,Medium,96.5,60.73,82.1,4,SENSOR_5
2025-03-07 18:03:31.784082,57.571686,104.927617,32.42,-4.88,1.55,-4.32,2.14,-2.07,-5.65,6008972391.54,355.29,37.06,None,2984,"{'ID': 'FP6911', 'Departure': 'Airport_13', 'Arrival': 'Airport_31', 'Planned Altitude': 32867.66, 'Planned Speed': 572.41}","{'Frequency': 7911.74, 'Content': 'Encrypted', 'Language': 'English'}",Armed,4,V-Formation,PK,Loitering,"{'Visibility': 42254.89, 'Wind Speed': 27.71, 'Cloud Cover': 87.33}",Night,Coastal,28533.97,88,Low,89.41,85.44,52.38,4,SENSOR_17
2025-03-07 22:11:38.784082,-33.150285,-91.223056,9.81,-1.99,2.75,-2.26,-4.63,10.87,-71.43,7910777057.5,141.26,86.02,Spoofing,8192,"{'ID': 'FP9981', 'Departure': 'Airport_17', 'Arrival': 'Airport_16', 'Planned Altitude': 15853.43, 'Planned Speed': 243.76}","{'Frequency': 7729.89, 'Content': 'Standard', 'Language': 'English'}",Unknown,5,V-Formation,PK,Aggressive Maneuvers,"{'Visibility': 933.03, 'Wind Speed': 17.29, 'Cloud Cover': 55.75}",Twilight,Coastal,48429.78,94,Medium,55.07,87.9,53.47,3,SENSOR_1
2025-03-07 10:20:08.784082,60.945294,-66.993201,1.62,-1.55,4.98,2.72,-9.56,11.86,-65.7,6476151062.99,943.8,25.13,Spoofing,8454,"{'ID': 'FP3057', 'Departure': 'Airport_38', 'Arrival': 'Airport_1', 'Planned Altitude': 25519.47, 'Planned Speed': 785.37}","{'Frequency': 6014.2, 'Content': 'Standard', 'Language': 'Unknown'}",Armed,5,V-Formation,IR,Loitering,"{'Visibility': 19604.85, 'Wind Speed': 3.95, 'Cloud Cover': 17.05}",Night,Mountainous,23547.17,89,High,76.2,74.57,87.83,3,SENSOR_4
2025-03-07 18:25:51.784082,-25.681035,122.021229,-25.84,4.02,-4.69,-3.86,-4.07,-4.29,-84.89,9760641205.85,736.95,67.94,Jamming,9220,"{'ID': 'FP9993', 'Departure': 'Airport_39', 'Arrival': 'Airport_21', 'Planned Altitude': 23298.77, 'Planned Speed': 719.66}","{'Frequency': 1156.4, 'Content': 'Standard', 'Language': 'English'}",Unarmed,3,Echelon,PK,Aggressive Maneuvers,"{'Visibility': 14401.1, 'Wind Speed': 14.19, 'Cloud Cover': 95.73}",Twilight,Mountainous,60810.73,74,Medium,84.26,58.16,98.23,4,SENSOR_6
2025-03-07 16:14:58.784082,31.944019,20.713089,-36.98,4.96,-4.78,1.89,-1.17,19.0,-67.42,7902654687.96,239.3,89.14,Spoofing,8739,"{'ID': 'FP7349', 'Departure': 'Airport_5', 'Arrival': 'Airport_45', 'Planned Altitude': 34574.53, 'Planned Speed': 659.33}","{'Frequency': 3358.15, 'Content': 'Standard', 'Language': 'Unknown'}",Unarmed,5,Line Abreast,KR,Direct Approach,"{'Visibility': 26926.33, 'Wind Speed': 26.07, 'Cloud Cover': 3.89}",Twilight,Mountainous,76418.98,24,Medium,54.99,82.96,65.32,1,SENSOR_8
2025-03-07 22:22:24.784082,3.49627,16.612638,-11.89,4.98,2.02,0.31,9.73,12.9,-60.59,5254886138.99,432.62,27.49,Jamming,5452,"{'ID': 'FP3147', 'Departure': 'Airport_47', 'Arrival': 'Airport_37', 'Planned Altitude': 33666.96, 'Planned Speed': 792.58}","{'Frequency': 3236.9, 'Content': 'Standard', 'Language': 'English'}",Unarmed,4,None,FR,Aggressive Maneuvers,"{'Visibility': 49219.73, 'Wind Speed': 20.6, 'Cloud Cover': 85.61}",Day,Mountainous,49990.34,80,Low,71.89,67.09,82.84,2,SENSOR_9
2025-03-08 00:16:49.784082,41.606652,-46.517359,-47.78,0.03,0.65,1.43,-9.35,8.51,-39.18,2419205771.6,585.92,39.73,Jamming,8096,"{'ID': 'FP7497', 'Departure': 'Airport_33', 'Arrival': 'Airport_47', 'Planned Altitude': 22211.79, 'Planned Speed': 525.48}","{'Frequency': 7198.79, 'Content': 'Standard', 'Language': 'English'}",Unarmed,4,V-Formation,IR,Loitering,"{'Visibility': 12288.33, 'Wind Speed': 3.44, 'Cloud Cover': 34.1}",Night,Coastal,21288.3,1,High,71.94,76.91,92.7,4,SENSOR_18
2025-03-07 00:03:34.784082,-66.501474,-67.891165,12.81,4.4,0.32,3.11,-8.45,14.13,-62.97,5646373967.0,984.71,21.78,Jamming,7544,"{'ID': 'FP2855', 'Departure': 'Airport_4', 'Arrival': 'Airport_9', 'Planned Altitude': 34686.12, 'Planned Speed': 511.26}","{'Frequency': 3352.25, 'Content': 'Encrypted', 'Language': 'English'}",Armed,6,Line Abreast,DE,Loitering,"{'Visibility': 47941.37, 'Wind Speed': 6.49, 'Cloud Cover': 29.76}",Day,Coastal,29732.15,89,Low,69.69,67.9,81.1,2,SENSOR_15
2025-03-07 04:51:41.784082,-53.735817,-42.683918,11.38,-0.35,-4.71,-1.0,6.89,4.07,-24.8,6081355702.8,545.66,78.24,Jamming,4188,"{'ID': 'FP4358', 'Departure': 'Airport_25', 'Arrival': 'Airport_30', 'Planned Altitude': 23889.0, 'Planned Speed': 806.34}","{'Frequency': 7926.21, 'Content': 'Standard', 'Language': 'English'}",Armed,4,Line Abreast,FR,Aggressive Maneuvers,"{'Visibility': 31150.59, 'Wind Speed': 3.02, 'Cloud Cover': 91.43}",Night,Mountainous,48419.0,70,Medium,52.44,88.28,99.39,5,SENSOR_12
2025-03-07 21:06:30.784082,-65.509953,-130.577988,31.79,-1.02,3.66,-2.68,-4.69,-15.36,-33.35,6056678866.05,859.14,34.7,Spoofing,5822,"{'ID': 'FP1546', 'Departure': 'Airport_18', 'Arrival': 'Airport_23', 'Planned Altitude': 18042.97, 'Planned Speed': 745.16}","{'Frequency': 2184.73, 'Content': 'Standard', 'Language': 'English'}",Armed,6,Line Abreast,KR,Aggressive Maneuvers,"{'Visibility': 32935.92, 'Wind Speed': 21.27, 'Cloud Cover': 85.07}",Twilight,Coastal,53294.42,72,Medium,91.43,68.36,84.61,2,SENSOR_12
2025-03-07 13:07:20.784082,67.904297,-15.971199,46.08,-3.21,-4.69,-3.27,9.49,17.67,-71.57,9468474341.42,160.47,94.66,Spoofing,2177,"{'ID': 'FP8475', 'Departure': 'Airport_49', 'Arrival': 'Airport_16', 'Planned Altitude': 37708.92, 'Planned Speed': 331.68}","{'Frequency': 5634.92, 'Content': 'Encrypted', 'Language': 'English'}",Unknown,4,Line Abreast,IR,Direct Approach,"{'Visibility': 24823.44, 'Wind Speed': 12.92, 'Cloud Cover': 98.15}",Twilight,Mountainous,77930.5,76,High,78.29,87.9,76.08,2,SENSOR_7
2025-03-06 23:06:27.784082,-70.644033,45.779328,44.18,1.99,-1.58,3.79,3.3,6.37,-57.18,1700230741.12,867.0,49.67,None,1819,"{'ID': 'FP7579', 'Departure': 'Airport_46', 'Arrival': 'Airport_46', 'Planned Altitude': 24205.23, 'Planned Speed': 427.74}","{'Frequency': 1168.14, 'Content': 'Standard', 'Language': 'English'}",Unknown,3,Line Abreast,US,Loitering,"{'Visibility': 5884.05, 'Wind Speed': 17.28, 'Cloud Cover': 89.74}",Twilight,Flat,70403.33,53,High,85.41,74.01,59.05,5,SENSOR_1
2025-03-07 23:20:45.784082,31.580078,-71.02895,47.48,3.84,0.47,3.6,-8.06,-16.64,-20.99,8076572434.5,34.39,18.9,Jamming,7707,"{'ID': 'FP1057', 'Departure': 'Airport_19', 'Arrival': 'Airport_38', 'Planned Altitude': 28562.29, 'Planned Speed': 216.66}","{'Frequency': 9145.19, 'Content': 'Standard', 'Language': 'Unknown'}",Armed,3,Line Abreast,FR,Loitering,"{'Visibility': 49894.89, 'Wind Speed': 3.82, 'Cloud Cover': 87.4}",Day,Flat,80876.37,91,Low,83.92,99.64,71.71,1,SENSOR_16
2025-03-07 20:51:58.784082,-8.84472,-95.5978,29.69,-0.9,2.15,4.11,1.67,-16.66,-97.82,8799581749.95,875.67,92.61,Spoofing,9320,"{'ID': 'FP9068', 'Departure': 'Airport_19', 'Arrival': 'Airport_19', 'Planned Altitude': 20960.37, 'Planned Speed': 840.64}","{'Frequency': 5239.11, 'Content': 'Standard', 'Language': 'English'}",Armed,5,Echelon,FR,Direct Approach,"{'Visibility': 3340.21, 'Wind Speed': 28.22, 'Cloud Cover': 46.51}",Day,Coastal,50532.56,96,High,78.41,94.47,82.13,4,SENSOR_2
2025-03-07 14:43:00.784082,-33.114228,51.351624,8.53,-0.17,1.74,4.07,3.42,9.68,-54.61,6642677167.25,108.53,12.82,Jamming,3563,"{'ID': 'FP8344', 'Departure': 'Airport_23', 'Arrival': 'Airport_46', 'Planned Altitude': 22025.76, 'Planned Speed': 800.53}","{'Frequency': 8417.76, 'Content': 'Standard', 'Language': 'English'}",Unknown,6,Line Abreast,IN,Loitering,"{'Visibility': 29792.66, 'Wind Speed': 4.23, 'Cloud Cover': 24.58}",Day,Coastal,46877.08,24,Low,97.81,72.28,73.04,1,SENSOR_16
2025-03-07 18:45:01.784082,81.249488,-137.523053,25.5,1.84,-0.41,4.82,3.76,15.96,-63.4,8192845770.12,102.82,3.85,Jamming,6595,"{'ID': 'FP8342', 'Departure': 'Airport_20', 'Arrival': 'Airport_11', 'Planned Altitude': 28803.09, 'Planned Speed': 415.19}","{'Frequency': 622.57, 'Content': 'Encrypted', 'Language': 'English'}",Armed,3,Echelon,PK,Direct Approach,"{'Visibility': 16699.89, 'Wind Speed': 19.63, 'Cloud Cover': 77.42}",Day,Coastal,31675.56,46,Low,63.84,67.71,86.28,1,SENSOR_12
2025-03-07 07:48:02.784082,-36.200502,64.246801,-29.81,-4.14,-2.69,4.81,6.05,11.33,-39.11,9109373795.03,388.2,56.4,Jamming,1143,"{'ID': 'FP2666', 'Departure': 'Airport_27', 'Arrival': 'Airport_42', 'Planned Altitude': 1794.22, 'Planned Speed': 607.08}","{'Frequency': 8802.64, 'Content': 'Encrypted', 'Language': 'Unknown'}",Unarmed,2,Line Abreast,UK,Aggressive Maneuvers,"{'Visibility': 7013.41, 'Wind Speed': 23.9, 'Cloud Cover': 10.79}",Day,Coastal,42446.42,77,Medium,61.9,77.63,60.51,4,SENSOR_20
2025-03-07 13:02:31.784082,-79.344984,-166.632317,-15.01,-0.47,-1.21,4.95,-3.08,-13.62,-98.88,1829212686.35,982.72,34.44,None,2724,"{'ID': 'FP2735', 'Departure': 'Airport_38', 'Arrival': 'Airport_25', 'Planned Altitude': 18233.34, 'Planned Speed': 744.81}","{'Frequency': 8026.61, 'Content': 'Standard', 'Language': 'English'}",Unknown,4,Line Abreast,PK,Loitering,"{'Visibility': 4115.1, 'Wind Speed': 10.79, 'Cloud Cover': 46.52}",Twilight,Mountainous,78817.33,50,Medium,83.44,50.1,60.13,2,SENSOR_13
2025-03-07 19:42:36.784082,1.153999,136.807506,18.37,3.26,-2.83,-1.88,4.37,-12.18,-41.56,2956245101.26,473.52,32.09,Unknown,8275,"{'ID': 'FP4865', 'Departure': 'Airport_48', 'Arrival': 'Airport_12', 'Planned Altitude': 20844.17, 'Planned Speed': 647.71}","{'Frequency': 7107.33, 'Content': 'Encrypted', 'Language': 'English'}",Armed,3,Line Abreast,CN,Direct Approach,"{'Visibility': 28455.37, 'Wind Speed': 0.65, 'Cloud Cover': 3.51}",Twilight,Flat,31255.34,63,Low,50.86,78.49,50.39,5,SENSOR_9
2025-03-08 00:25:15.784082,-44.375832,118.198609,-5.17,-2.95,1.3,1.58,-0.43,-10.31,-81.55,7609830367.94,31.05,79.85,Unknown,5139,"{'ID': 'FP4472', 'Departure': 'Airport_28', 'Arrival': 'Airport_41', 'Planned Altitude': 9830.72, 'Planned Speed': 488.19}","{'Frequency': 5878.2, 'Content': 'Encrypted', 'Language': 'English'}",Unknown,3,Echelon,RU,Aggressive Maneuvers,"{'Visibility': 33622.88, 'Wind Speed': 17.15, 'Cloud Cover': 63.44}",Twilight,Flat,68311.29,76,High,89.24,99.63,57.5,3,SENSOR_7
2025-03-07 14:49:31.784082,-82.16359,-102.753934,-24.41,1.58,-2.77,3.19,-2.35,0.16,-40.49,1893638725.0,179.46,72.37,Jamming,7327,"{'ID': 'FP8365', 'Departure': 'Airport_6', 'Arrival': 'Airport_26', 'Planned Altitude': 13256.4, 'Planned Speed': 670.08}","{'Frequency': 3748.36, 'Content': 'Standard', 'Language': 'English'}",Unarmed,2,Echelon,PK,Direct Approach,"{'Visibility': 17140.1, 'Wind Speed': 10.76, 'Cloud Cover': 33.36}",Night,Flat,34502.06,84,Medium,73.16,50.12,66.29,1,SENSOR_16
2025-03-07 08:37:01.784082,-30.425583,34.828414,2.33,2.07,2.94,-3.67,-9.95,-11.54,-75.08,4522665897.91,607.58,44.09,Spoofing,6174,"{'ID': 'FP2223', 'Departure': 'Airport_30', 'Arrival': 'Airport_24', 'Planned Altitude': 2083.28, 'Planned Speed': 885.42}","{'Frequency': 4921.97, 'Content': 'Standard', 'Language': 'Unknown'}",Armed,2,Echelon,RU,Direct Approach,"{'Visibility': 48303.99, 'Wind Speed': 13.68, 'Cloud Cover': 23.51}",Twilight,Mountainous,18519.88,90,Medium,63.05,56.8,75.62,5,SENSOR_3
2025-03-07 03:22:26.784082,-14.762708,-147.917427,49.53,-3.66,0.11,-0.54,8.15,7.29,-53.96,9281488772.21,76.62,22.67,Unknown,3280,"{'ID': 'FP5906', 'Departure': 'Airport_8', 'Arrival': 'Airport_40', 'Planned Altitude': 27708.68, 'Planned Speed': 491.7}","{'Frequency': 7250.42, 'Content': 'Encrypted', 'Language': 'Unknown'}",Unknown,2,V-Formation,UK,Direct Approach,"{'Visibility': 41986.11, 'Wind Speed': 28.26, 'Cloud Cover': 5.83}",Twilight,Flat,50542.62,80,Low,70.57,77.84,83.67,1,SENSOR_6
2025-03-07 19:36:51.784082,29.380463,-36.023573,-4.11,3.11,-3.54,2.99,4.48,6.28,-66.02,8014334145.03,748.91,65.11,Spoofing,5742,"{'ID': 'FP2764', 'Departure': 'Airport_8', 'Arrival': 'Airport_35', 'Planned Altitude': 8028.69, 'Planned Speed': 718.41}","{'Frequency': 3314.9, 'Content': 'Standard', 'Language': 'English'}",Unknown,1,None,KR,Loitering,"{'Visibility': 8477.56, 'Wind Speed': 9.62, 'Cloud Cover': 73.71}",Day,Mountainous,6090.83,36,Low,69.57,85.18,82.56,5,SENSOR_9
2025-03-07 12:59:42.784082,-66.492118,113.389523,-2.68,1.95,-4.33,-1.36,-3.25,-13.41,-81.61,7206787378.2,555.45,38.19,None,8245,"{'ID': 'FP7747', 'Departure': 'Airport_16', 'Arrival': 'Airport_25', 'Planned Altitude': 38425.68, 'Planned Speed': 780.36}","{'Frequency': 7579.89, 'Content': 'Encrypted', 'Language': 'Unknown'}",Unknown,2,Line Abreast,RU,Aggressive Maneuvers,"{'Visibility': 35518.34, 'Wind Speed': 3.87, 'Cloud Cover': 52.32}",Night,Mountainous,23590.5,87,Low,80.82,78.09,96.26,5,SENSOR_1
2025-03-07 04:38:50.784082,87.774492,-20.392281,-38.6,2.83,-2.76,4.14,4.47,8.45,-43.97,6723832450.04,542.19,8.17,Unknown,2466,"{'ID': 'FP2132', 'Departure': 'Airport_32', 'Arrival': 'Airport_22', 'Planned Altitude': 29842.54, 'Planned Speed': 535.17}","{'Frequency': 6670.22, 'Content': 'Encrypted', 'Language': 'English'}",Unknown,5,V-Formation,IN,Direct Approach,"{'Visibility': 48831.6, 'Wind Speed': 24.48, 'Cloud Cover': 46.05}",Day,Mountainous,42322.75,22,High,94.99,56.8,83.04,1,SENSOR_12
2025-03-07 20:15:51.784082,-81.553106,-50.810233,-3.19,-1.95,-0.39,-2.75,3.63,9.38,-74.48,4139640557.17,8.38,96.4,Spoofing,5600,"{'ID': 'FP2145', 'Departure': 'Airport_9', 'Arrival': 'Airport_23', 'Planned Altitude': 25127.34, 'Planned Speed': 612.8}","{'Frequency': 5493.56, 'Content': 'Encrypted', 'Language': 'English'}",Armed,1,None,PK,Aggressive Maneuvers,"{'Visibility': 47491.44, 'Wind Speed': 9.35, 'Cloud Cover': 78.92}",Twilight,Mountainous,21680.5,87,High,93.69,66.23,61.5,2,SENSOR_10
2025-03-07 10:28:06.784082,7.11315,-50.935262,44.11,4.19,3.29,2.38,1.83,2.99,-18.4,3447689840.9,546.59,54.74,None,8194,"{'ID': 'FP3115', 'Departure': 'Airport_12', 'Arrival': 'Airport_3', 'Planned Altitude': 27851.14, 'Planned Speed': 575.2}","{'Frequency': 7990.34, 'Content': 'Standard', 'Language': 'Unknown'}",Unarmed,3,Echelon,RU,Aggressive Maneuvers,"{'Visibility': 48128.86, 'Wind Speed': 3.05, 'Cloud Cover': 27.58}",Day,Mountainous,42685.87,46,High,73.92,99.6,98.95,5,SENSOR_1
2025-03-07 04:55:40.784082,-57.144439,-50.035857,32.92,-2.7,0.08,-2.31,-9.25,13.44,-61.57,4940743738.62,446.4,94.54,Jamming,5483,"{'ID': 'FP4231', 'Departure': 'Airport_40', 'Arrival': 'Airport_45', 'Planned Altitude': 10085.77, 'Planned Speed': 616.17}","{'Frequency': 8335.07, 'Content': 'Encrypted', 'Language': 'English'}",Armed,3,Echelon,PK,Loitering,"{'Visibility': 32961.06, 'Wind Speed': 13.55, 'Cloud Cover': 79.52}",Twilight,Mountainous,49130.71,94,Medium,68.76,96.35,65.96,5,SENSOR_16
2025-03-07 21:02:57.784082,2.811523,5.415764,-0.89,0.7,1.43,-3.38,-0.17,17.84,-34.36,5251767459.71,23.43,19.38,Unknown,7054,"{'ID': 'FP1372', 'Departure': 'Airport_29', 'Arrival': 'Airport_34', 'Planned Altitude': 26832.49, 'Planned Speed': 816.06}","{'Frequency': 3538.25, 'Content': 'Encrypted', 'Language': 'English'}",Armed,4,Echelon,IN,Direct Approach,"{'Visibility': 42146.54, 'Wind Speed': 19.42, 'Cloud Cover': 36.06}",Twilight,Coastal,11971.89,31,Low,74.26,82.7,74.46,4,SENSOR_20
2025-03-07 10:18:20.784082,62.59409,-175.24406,29.88,-1.65,-4.54,4.86,-5.42,-6.53,-99.49,3236291463.59,714.18,51.96,None,2139,"{'ID': 'FP7814', 'Departure': 'Airport_5', 'Arrival': 'Airport_33', 'Planned Altitude': 9573.22, 'Planned Speed': 489.62}","{'Frequency': 6606.25, 'Content': 'Standard', 'Language': 'English'}",Unarmed,5,V-Formation,UK,Direct Approach,"{'Visibility': 33418.65, 'Wind Speed': 23.0, 'Cloud Cover': 52.88}",Day,Flat,32187.79,26,Medium,86.61,95.21,71.58,3,SENSOR_12
2025-03-07 14:39:44.784082,-84.376799,172.867815,39.78,-4.82,-0.05,2.89,7.4,-6.78,-88.6,1547386886.99,117.11,20.43,Spoofing,2495,"{'ID': 'FP3388', 'Departure': 'Airport_3', 'Arrival': 'Airport_39', 'Planned Altitude': 39673.9, 'Planned Speed': 431.76}","{'Frequency': 3113.38, 'Content': 'Standard', 'Language': 'English'}",Unarmed,1,None,IN,Direct Approach,"{'Visibility': 49123.58, 'Wind Speed': 17.02, 'Cloud Cover': 53.68}",Day,Coastal,51034.84,20,Low,56.15,99.72,93.53,1,SENSOR_14
2025-03-07 17:33:06.784082,3.826721,126.599309,14.6,-3.16,4.82,3.31,2.33,13.81,-7.42,9748181974.34,504.94,10.43,None,2660,"{'ID': 'FP3260', 'Departure': 'Airport_36', 'Arrival': 'Airport_41', 'Planned Altitude': 32794.93, 'Planned Speed': 821.46}","{'Frequency': 8938.42, 'Content': 'Encrypted', 'Language': 'Unknown'}",Armed,1,None,IR,Loitering,"{'Visibility': 29302.25, 'Wind Speed': 7.84, 'Cloud Cover': 37.93}",Night,Flat,33264.41,67,Medium,91.56,54.31,92.27,5,SENSOR_12
2025-03-07 05:55:02.784082,57.599223,-151.461892,47.52,1.58,-4.95,1.19,-1.67,13.2,-61.02,1328677395.33,877.09,45.01,Unknown,2946,"{'ID': 'FP6617', 'Departure': 'Airport_32', 'Arrival': 'Airport_4', 'Planned Altitude': 5568.36, 'Planned Speed': 570.86}","{'Frequency': 6863.43, 'Content': 'Encrypted', 'Language': 'Unknown'}",Unknown,1,None,US,Direct Approach,"{'Visibility': 40014.35, 'Wind Speed': 23.79, 'Cloud Cover': 7.96}",Twilight,Mountainous,78268.76,71,Medium,82.71,75.17,64.25,2,SENSOR_3
2025-03-07 06:44:20.784082,-89.469879,2.313539,11.94,-3.33,2.12,-1.18,0.48,-8.81,-31.04,8072452879.18,186.42,95.94,Spoofing,4328,"{'ID': 'FP8119', 'Departure': 'Airport_5', 'Arrival': 'Airport_48', 'Planned Altitude': 16946.94, 'Planned Speed': 407.79}","{'Frequency': 2784.34, 'Content': 'Standard', 'Language': 'English'}",Armed,6,Echelon,IR,Direct Approach,"{'Visibility': 28318.54, 'Wind Speed': 22.99, 'Cloud Cover': 17.63}",Day,Coastal,92773.35,43,High,88.7,79.16,94.28,1,SENSOR_8
2025-03-07 15:14:49.784082,40.935778,-67.375387,-44.87,-2.97,-0.34,-0.48,5.63,11.2,-9.44,7372937662.46,19.29,75.34,Jamming,2428,"{'ID': 'FP4652', 'Departure': 'Airport_23', 'Arrival': 'Airport_42', 'Planned Altitude': 14559.52, 'Planned Speed': 370.72}","{'Frequency': 5184.28, 'Content': 'Encrypted', 'Language': 'English'}",Armed,3,Line Abreast,IR,Aggressive Maneuvers,"{'Visibility': 4000.57, 'Wind Speed': 5.69, 'Cloud Cover': 11.02}",Day,Coastal,4202.1,6,Medium,81.12,55.13,94.93,1,SENSOR_5
2025-03-07 03:45:15.784082,-27.857266,-100.326361,-24.69,3.72,4.28,-3.49,-9.67,-12.02,-59.27,5435070594.84,66.3,71.44,Spoofing,3048,"{'ID': 'FP6066', 'Departure': 'Airport_21', 'Arrival': 'Airport_50', 'Planned Altitude': 3234.11, 'Planned Speed': 802.62}","{'Frequency': 8853.32, 'Content': 'Standard', 'Language': 'English'}",Unarmed,3,None,RU,Loitering,"{'Visibility': 13373.8, 'Wind Speed': 5.44, 'Cloud Cover': 61.77}",Day,Flat,54730.85,6,Medium,72.3,74.74,91.05,4,SENSOR_10
2025-03-08 01:18:02.784082,73.465613,75.802813,12.81,1.02,2.41,-1.42,7.53,6.07,-84.2,1385753426.49,555.65,86.76,None,5451,"{'ID': 'FP5900', 'Departure': 'Airport_27', 'Arrival': 'Airport_47', 'Planned Altitude': 31068.57, 'Planned Speed': 395.83}","{'Frequency': 1176.92, 'Content': 'Encrypted', 'Language': 'Unknown'}",Armed,1,None,KR,Loitering,"{'Visibility': 43875.87, 'Wind Speed': 8.21, 'Cloud Cover': 19.53}",Day,Mountainous,60548.45,57,Low,82.34,92.91,78.02,1,SENSOR_5
2025-03-07 23:49:03.784082,67.14446,139.006843,-9.98,-4.58,4.52,-2.76,2.65,-11.6,-81.31,3212290115.03,709.25,71.07,None,4000,"{'ID': 'FP5244', 'Departure': 'Airport_20', 'Arrival': 'Airport_11', 'Planned Altitude': 6664.46, 'Planned Speed': 348.63}","{'Frequency': 7075.31, 'Content': 'Encrypted', 'Language': 'English'}",Unknown,5,Line Abreast,UK,Loitering,"{'Visibility': 2554.31, 'Wind Speed': 26.13, 'Cloud Cover': 53.57}",Night,Flat,34849.77,85,Low,67.38,52.17,66.77,1,SENSOR_9
2025-03-07 14:11:14.784082,47.453057,151.237213,-26.16,-1.65,-2.92,2.63,-2.63,-18.3,-52.22,1645191616.08,353.13,25.26,Unknown,5878,"{'ID': 'FP8417', 'Departure': 'Airport_7', 'Arrival': 'Airport_44', 'Planned Altitude': 31380.62, 'Planned Speed': 870.38}","{'Frequency': 9640.44, 'Content': 'Encrypted', 'Language': 'Unknown'}",Armed,2,Line Abreast,KR,Aggressive Maneuvers,"{'Visibility': 44547.91, 'Wind Speed': 5.48, 'Cloud Cover': 22.18}",Twilight,Coastal,31433.99,51,Medium,80.1,98.34,57.39,4,SENSOR_18
2025-03-08 00:12:26.784082,-82.73268,98.559235,3.19,-4.13,-0.35,4.05,8.9,18.92,-46.0,2649801882.63,386.07,4.14,Jamming,1140,"{'ID': 'FP8176', 'Departure': 'Airport_20', 'Arrival': 'Airport_29', 'Planned Altitude': 9654.45, 'Planned Speed': 472.51}","{'Frequency': 378.98, 'Content': 'Standard', 'Language': 'Unknown'}",Armed,6,Echelon,UK,Direct Approach,"{'Visibility': 23836.95, 'Wind Speed': 16.28, 'Cloud Cover': 74.75}",Night,Flat,23351.85,78,High,57.67,82.8,63.06,4,SENSOR_10
2025-03-07 09:16:23.784082,-45.329133,-6.009895,-11.92,1.09,4.28,1.31,4.38,-16.61,-82.49,5936621440.81,416.77,52.25,Unknown,2471,"{'ID': 'FP8790', 'Departure': 'Airport_26', 'Arrival': 'Airport_21', 'Planned Altitude': 14123.95, 'Planned Speed': 754.96}","{'Frequency': 7448.94, 'Content': 'Standard', 'Language': 'English'}",Unarmed,4,Line Abreast,DE,Loitering,"{'Visibility': 36304.72, 'Wind Speed': 3.0, 'Cloud Cover': 98.92}",Twilight,Coastal,40458.3,10,Medium,84.43,83.52,73.71,3,SENSOR_20
2025-03-07 09:46:15.784082,-15.863404,161.667741,46.96,-4.84,-0.13,1.67,5.76,-18.06,-27.66,4714693517.15,186.5,8.86,Spoofing,1319,"{'ID': 'FP1094', 'Departure': 'Airport_13', 'Arrival': 'Airport_33', 'Planned Altitude': 23768.05, 'Planned Speed': 285.77}","{'Frequency': 6739.23, 'Content': 'Standard', 'Language': 'English'}",Armed,6,Echelon,US,Direct Approach,"{'Visibility': 44234.23, 'Wind Speed': 8.4, 'Cloud Cover': 82.08}",Night,Flat,30531.33,58,Low,56.44,92.75,82.69,2,SENSOR_16
2025-03-07 00:13:41.784082,-70.741711,89.791832,-0.98,-2.87,0.78,-0.07,-7.63,-4.32,-46.44,3300972351.14,680.03,86.66,Jamming,8256,"{'ID': 'FP8070', 'Departure': 'Airport_18', 'Arrival': 'Airport_20', 'Planned Altitude': 19722.11, 'Planned Speed': 476.06}","{'Frequency': 5226.15, 'Content': 'Encrypted', 'Language': 'English'}",Unarmed,3,None,FR,Loitering,"{'Visibility': 5832.59, 'Wind Speed': 10.19, 'Cloud Cover': 90.44}",Day,Mountainous,62293.83,73,Medium,84.13,62.73,83.6,3,SENSOR_13
2025-03-07 20:23:05.784082,86.629185,156.538451,2.35,-3.64,-1.02,4.49,9.05,18.4,-98.55,7154345290.84,630.84,45.55,Spoofing,9675,"{'ID': 'FP6751', 'Departure': 'Airport_34', 'Arrival': 'Airport_32', 'Planned Altitude': 32279.86, 'Planned Speed': 269.0}","{'Frequency': 746.51, 'Content': 'Encrypted', 'Language': 'English'}",Unknown,4,Line Abreast,IN,Direct Approach,"{'Visibility': 37966.18, 'Wind Speed': 8.52, 'Cloud Cover': 84.81}",Day,Flat,67186.37,83,High,87.29,64.64,93.48,5,SENSOR_14
2025-03-07 02:17:02.784082,85.725755,109.754064,29.93,0.73,-1.85,4.94,-9.45,-17.8,-2.81,9101406764.64,821.81,55.2,Jamming,6891,"{'ID': 'FP8020', 'Departure': 'Airport_8', 'Arrival': 'Airport_26', 'Planned Altitude': 22216.7, 'Planned Speed': 564.86}","{'Frequency': 5148.35, 'Content': 'Encrypted', 'Language': 'English'}",Armed,5,Line Abreast,PK,Direct Approach,"{'Visibility': 26802.64, 'Wind Speed': 26.81, 'Cloud Cover': 17.2}",Twilight,Flat,33717.34,64,High,83.71,84.93,78.36,1,SENSOR_15
2025-03-07 18:11:42.784082,-51.868997,-48.170124,-30.18,4.12,1.21,-0.35,5.09,19.81,-58.06,7994248664.6,267.56,75.28,Jamming,6831,"{'ID': 'FP6243', 'Departure': 'Airport_7', 'Arrival': 'Airport_33', 'Planned Altitude': 2266.81, 'Planned Speed': 348.85}","{'Frequency': 8096.99, 'Content': 'Encrypted', 'Language': 'English'}",Armed,1,None,CN,Loitering,"{'Visibility': 44504.71, 'Wind Speed': 6.97, 'Cloud Cover': 53.66}",Day,Mountainous,94609.45,53,High,57.1,81.33,50.08,3,SENSOR_7
2025-03-07 10:17:55.784082,75.261142,19.422741,-40.0,1.4,-2.42,-0.98,9.71,13.68,-33.45,4700426098.73,752.66,89.98,Spoofing,5488,"{'ID': 'FP1529', 'Departure': 'Airport_43', 'Arrival': 'Airport_13', 'Planned Altitude': 32746.25, 'Planned Speed': 316.63}","{'Frequency': 8251.79, 'Content': 'Standard', 'Language': 'English'}",Unarmed,2,V-Formation,IR,Loitering,"{'Visibility': 21536.46, 'Wind Speed': 29.56, 'Cloud Cover': 51.01}",Night,Mountainous,97056.33,2,High,56.96,57.46,68.08,5,SENSOR_2
2025-03-07 19:21:56.784082,15.653174,72.886028,-21.05,0.13,-0.37,-3.68,3.86,-17.22,-94.75,5128677873.7,564.49,3.64,Jamming,4012,"{'ID': 'FP8818', 'Departure': 'Airport_6', 'Arrival': 'Airport_5', 'Planned Altitude': 38028.68, 'Planned Speed': 252.67}","{'Frequency': 7643.62, 'Content': 'Standard', 'Language': 'English'}",Unknown,4,V-Formation,DE,Aggressive Maneuvers,"{'Visibility': 42450.05, 'Wind Speed': 3.05, 'Cloud Cover': 43.74}",Day,Mountainous,47611.97,86,Low,50.23,80.07,82.78,1,SENSOR_14
2025-03-07 09:13:06.784082,-26.995792,-57.121871,-39.55,-2.45,-3.4,-4.08,7.73,1.75,-30.1,4842728355.43,758.84,57.75,Unknown,9803,"{'ID': 'FP3856', 'Departure': 'Airport_50', 'Arrival': 'Airport_26', 'Planned Altitude': 9732.76, 'Planned Speed': 552.0}","{'Frequency': 3646.66, 'Content': 'Standard', 'Language': 'English'}",Unarmed,5,Echelon,CN,Loitering,"{'Visibility': 32209.89, 'Wind Speed': 4.8, 'Cloud Cover': 33.66}",Day,Flat,46789.72,72,Medium,95.6,85.57,54.35,5,SENSOR_17
2025-03-07 10:32:46.784082,-31.128629,-116.689209,-40.86,-2.31,2.94,-0.48,2.01,0.7,-35.76,3599881193.45,683.0,37.15,Spoofing,9622,"{'ID': 'FP1263', 'Departure': 'Airport_3', 'Arrival': 'Airport_22', 'Planned Altitude': 9708.01, 'Planned Speed': 795.06}","{'Frequency': 8719.87, 'Content': 'Standard', 'Language': 'English'}",Armed,6,Line Abreast,CN,Direct Approach,"{'Visibility': 29566.94, 'Wind Speed': 8.01, 'Cloud Cover': 27.36}",Night,Coastal,14022.27,21,Medium,99.51,78.78,73.65,3,SENSOR_11
2025-03-07 13:18:08.784082,-41.393489,0.792906,12.25,4.23,0.01,3.72,-5.63,12.59,-33.05,7939823842.27,559.98,37.59,Unknown,4616,"{'ID': 'FP6171', 'Departure': 'Airport_6', 'Arrival': 'Airport_20', 'Planned Altitude': 14859.81, 'Planned Speed': 230.72}","{'Frequency': 5511.24, 'Content': 'Standard', 'Language': 'English'}",Unknown,2,V-Formation,UK,Loitering,"{'Visibility': 10724.69, 'Wind Speed': 5.94, 'Cloud Cover': 81.47}",Night,Coastal,90260.94,10,Medium,94.01,86.23,75.54,3,SENSOR_6
2025-03-07 13:26:59.784082,-79.195138,-165.835125,-25.58,-3.27,0.6,0.38,5.93,-13.06,-58.58,2941866054.93,851.33,5.32,None,5065,"{'ID': 'FP8704', 'Departure': 'Airport_11', 'Arrival': 'Airport_29', 'Planned Altitude': 18855.99, 'Planned Speed': 277.05}","{'Frequency': 6604.59, 'Content': 'Standard', 'Language': 'English'}",Unknown,3,None,IN,Loitering,"{'Visibility': 45386.98, 'Wind Speed': 9.33, 'Cloud Cover': 54.94}",Night,Coastal,69893.66,52,High,88.9,83.78,81.13,3,SENSOR_19
2025-03-07 19:57:31.784082,72.144918,119.926635,-26.43,-1.45,1.63,3.39,-5.99,11.12,-95.55,9432653347.76,359.68,96.25,Unknown,1804,"{'ID': 'FP4611', 'Departure': 'Airport_43', 'Arrival': 'Airport_25', 'Planned Altitude': 34300.62, 'Planned Speed': 372.66}","{'Frequency': 5230.14, 'Content': 'Standard', 'Language': 'English'}",Unknown,6,V-Formation,IN,Direct Approach,"{'Visibility': 9961.11, 'Wind Speed': 22.96, 'Cloud Cover': 14.3}",Twilight,Flat,13430.79,55,Low,69.34,56.91,86.38,5,SENSOR_5
2025-03-07 23:11:26.784082,42.22955,66.597975,28.13,1.74,-4.61,4.51,-5.09,11.69,-70.13,3500268210.62,537.36,90.05,None,5198,"{'ID': 'FP3592', 'Departure': 'Airport_36', 'Arrival': 'Airport_2', 'Planned Altitude': 34141.62, 'Planned Speed': 266.87}","{'Frequency': 4987.42, 'Content': 'Standard', 'Language': 'English'}",Armed,4,V-Formation,US,Direct Approach,"{'Visibility': 43979.81, 'Wind Speed': 2.06, 'Cloud Cover': 95.27}",Day,Coastal,74441.17,91,Low,95.46,59.92,70.03,3,SENSOR_8
2025-03-07 07:47:30.784082,-50.445302,-106.483357,-32.64,-0.39,3.79,3.95,-0.64,19.01,-83.0,2657085158.36,60.14,18.46,Jamming,9811,"{'ID': 'FP1306', 'Departure': 'Airport_8', 'Arrival': 'Airport_28', 'Planned Altitude': 32485.8, 'Planned Speed': 682.73}","{'Frequency': 1881.91, 'Content': 'Standard', 'Language': 'English'}",Unknown,4,Line Abreast,UK,Loitering,"{'Visibility': 11250.42, 'Wind Speed': 13.97, 'Cloud Cover': 46.38}",Night,Mountainous,83177.62,36,Low,87.01,92.84,73.8,4,SENSOR_6
2025-03-06 22:54:11.784082,13.302401,129.663507,-37.89,1.53,4.2,0.61,4.05,-17.87,-55.41,1546590394.52,399.56,4.09,Spoofing,3787,"{'ID': 'FP3137', 'Departure': 'Airport_14', 'Arrival': 'Airport_20', 'Planned Altitude': 32193.07, 'Planned Speed': 269.56}","{'Frequency': 2815.34, 'Content': 'Standard', 'Language': 'Unknown'}",Unarmed,2,Line Abreast,RU,Loitering,"{'Visibility': 5778.71, 'Wind Speed': 11.1, 'Cloud Cover': 9.36}",Day,Flat,43295.07,45,Low,73.93,83.86,98.55,5,SENSOR_19
2025-03-07 13:13:20.784082,-71.282642,-154.531404,-19.78,1.05,2.66,-4.88,3.55,-9.77,-0.87,2649419663.11,666.52,28.91,None,9613,"{'ID': 'FP7250', 'Departure': 'Airport_32', 'Arrival': 'Airport_32', 'Planned Altitude': 33568.76, 'Planned Speed': 659.77}","{'Frequency': 6816.06, 'Content': 'Standard', 'Language': 'English'}",Unknown,1,None,KR,Aggressive Maneuvers,"{'Visibility': 37669.11, 'Wind Speed': 25.41, 'Cloud Cover': 26.65}",Day,Flat,35078.63,12,Low,65.93,94.22,62.46,3,SENSOR_15
2025-03-07 13:11:29.784082,34.27211,-92.147154,-39.54,-0.25,2.96,-1.65,-3.7,-2.58,-4.65,3705482091.4,153.97,3.9,None,5000,"{'ID': 'FP8217', 'Departure': 'Airport_29', 'Arrival': 'Airport_17', 'Planned Altitude': 33627.54, 'Planned Speed': 749.55}","{'Frequency': 8109.39, 'Content': 'Standard', 'Language': 'English'}",Armed,2,None,UK,Direct Approach,"{'Visibility': 3884.94, 'Wind Speed': 11.74, 'Cloud Cover': 53.22}",Twilight,Flat,46533.85,18,High,79.36,77.74,87.97,2,SENSOR_6
2025-03-07 20:20:19.784082,-14.848765,-119.277072,-23.17,-0.12,0.55,4.48,8.53,-19.1,-15.98,4601039349.11,577.34,59.11,Spoofing,2323,"{'ID': 'FP4271', 'Departure': 'Airport_10', 'Arrival': 'Airport_4', 'Planned Altitude': 20970.02, 'Planned Speed': 551.92}","{'Frequency': 4738.88, 'Content': 'Standard', 'Language': 'Unknown'}",Armed,4,V-Formation,IR,Loitering,"{'Visibility': 40654.64, 'Wind Speed': 22.45, 'Cloud Cover': 97.77}",Twilight,Flat,10821.25,38,Medium,63.33,65.93,77.58,4,SENSOR_12
2025-03-07 04:06:14.784082,-53.052862,16.816048,0.8,1.87,3.38,-1.05,6.07,-11.29,-42.94,7523427815.02,194.21,81.53,Jamming,3572,"{'ID': 'FP5095', 'Departure': 'Airport_44', 'Arrival': 'Airport_25', 'Planned Altitude': 1410.25, 'Planned Speed': 608.98}","{'Frequency': 320.8, 'Content': 'Encrypted', 'Language': 'English'}",Unknown,1,None,DE,Aggressive Maneuvers,"{'Visibility': 6763.66, 'Wind Speed': 22.97, 'Cloud Cover': 11.87}",Day,Mountainous,35960.92,71,Medium,94.54,67.73,65.78,3,SENSOR_5
2025-03-07 21:06:10.784082,-14.02267,158.578207,-28.02,-3.62,-2.9,2.96,9.83,10.79,-13.8,4196139530.69,7.97,83.55,Jamming,4217,"{'ID': 'FP3294', 'Departure': 'Airport_1', 'Arrival': 'Airport_35', 'Planned Altitude': 1244.35, 'Planned Speed': 516.79}","{'Frequency': 4031.99, 'Content': 'Standard', 'Language': 'English'}",Armed,2,V-Formation,IN,Aggressive Maneuvers,"{'Visibility': 49728.38, 'Wind Speed': 7.24, 'Cloud Cover': 57.16}",Twilight,Coastal,31767.46,18,High,54.95,51.3,66.07,4,SENSOR_8
2025-03-07 16:47:43.784082,53.055515,41.329028,7.59,-4.1,4.04,-3.66,-9.21,5.76,-84.0,4239188007.58,91.99,43.23,Jamming,8276,"{'ID': 'FP1968', 'Departure': 'Airport_33', 'Arrival': 'Airport_42', 'Planned Altitude': 21576.71, 'Planned Speed': 539.58}","{'Frequency': 3692.53, 'Content': 'Standard', 'Language': 'Unknown'}",Armed,6,Echelon,UK,Loitering,"{'Visibility': 19362.91, 'Wind Speed': 4.04, 'Cloud Cover': 62.48}",Night,Mountainous,51960.32,39,Low,83.81,85.71,74.78,1,SENSOR_3
2025-03-07 06:39:54.784082,81.35015,53.817476,-18.3,2.06,-4.22,-0.24,3.91,-7.12,-76.32,8967783499.71,528.66,8.75,Spoofing,6512,"{'ID': 'FP3622', 'Departure': 'Airport_35', 'Arrival': 'Airport_45', 'Planned Altitude': 2742.22, 'Planned Speed': 509.25}","{'Frequency': 1318.13, 'Content': 'Encrypted', 'Language': 'English'}",Armed,6,Echelon,US,Loitering,"{'Visibility': 20963.61, 'Wind Speed': 23.47, 'Cloud Cover': 50.24}",Twilight,Flat,65229.64,36,Low,57.73,95.17,67.35,2,SENSOR_18
2025-03-07 09:38:49.784082,82.721917,-131.163033,25.38,-2.07,1.77,-2.83,-6.2,-17.64,-47.33,8748814385.13,362.13,49.39,Jamming,4983,"{'ID': 'FP5265', 'Departure': 'Airport_30', 'Arrival': 'Airport_40', 'Planned Altitude': 9789.37, 'Planned Speed': 379.49}","{'Frequency': 9486.02, 'Content': 'Standard', 'Language': 'English'}",Armed,1,None,UK,Aggressive Maneuvers,"{'Visibility': 19705.68, 'Wind Speed': 12.3, 'Cloud Cover': 68.55}",Day,Coastal,48313.67,97,High,73.26,92.92,71.35,3,SENSOR_5
2025-03-07 12:30:21.784082,88.170906,138.719632,-7.83,4.94,-0.12,-4.37,1.02,-4.48,-77.15,4962717976.06,917.2,9.09,Unknown,7937,"{'ID': 'FP4590', 'Departure': 'Airport_1', 'Arrival': 'Airport_24', 'Planned Altitude': 29994.53, 'Planned Speed': 373.39}","{'Frequency': 1269.7, 'Content': 'Standard', 'Language': 'Unknown'}",Armed,6,None,RU,Loitering,"{'Visibility': 1647.68, 'Wind Speed': 7.07, 'Cloud Cover': 32.6}",Twilight,Coastal,5166.94,71,Medium,71.22,93.08,55.83,4,SENSOR_2
2025-03-07 03:47:10.784082,-12.676421,115.581185,4.14,1.42,-0.27,0.66,-7.92,-8.44,-40.69,8488330836.74,215.8,68.56,Spoofing,6776,"{'ID': 'FP2341', 'Departure': 'Airport_33', 'Arrival': 'Airport_15', 'Planned Altitude': 26383.63, 'Planned Speed': 523.92}","{'Frequency': 9827.1, 'Content': 'Standard', 'Language': 'Unknown'}",Unarmed,1,None,UK,Loitering,"{'Visibility': 20124.53, 'Wind Speed': 18.42, 'Cloud Cover': 38.6}",Day,Flat,29053.43,74,High,75.03,92.58,62.37,3,SENSOR_4
2025-03-07 04:44:30.784082,-33.25635,171.385682,13.31,-0.67,2.05,-4.73,-5.86,-19.04,-95.04,3664022768.73,859.04,82.93,Spoofing,8932,"{'ID': 'FP9091', 'Departure': 'Airport_29', 'Arrival': 'Airport_16', 'Planned Altitude': 22831.54, 'Planned Speed': 333.09}","{'Frequency': 3135.9, 'Content': 'Standard', 'Language': 'English'}",Armed,5,Line Abreast,UK,Aggressive Maneuvers,"{'Visibility': 45599.57, 'Wind Speed': 19.81, 'Cloud Cover': 56.88}",Twilight,Mountainous,67294.55,80,Low,66.7,74.87,87.34,4,SENSOR_4
2025-03-07 14:24:43.784082,-64.142357,70.662214,-37.05,-4.71,-1.76,-1.03,5.9,3.14,-24.84,7710743394.46,793.38,13.49,Unknown,2106,"{'ID': 'FP4922', 'Departure': 'Airport_18', 'Arrival': 'Airport_46', 'Planned Altitude': 18216.72, 'Planned Speed': 693.24}","{'Frequency': 4180.29, 'Content': 'Encrypted', 'Language': 'English'}",Unknown,1,None,IN,Aggressive Maneuvers,"{'Visibility': 14193.44, 'Wind Speed': 7.6, 'Cloud Cover': 4.83}",Twilight,Mountainous,49821.79,17,Medium,72.57,94.18,99.58,4,SENSOR_15
2025-03-07 10:03:45.784082,-8.2932,-150.440562,16.1,1.18,-1.43,-2.51,5.16,19.74,-33.99,8291370606.29,303.37,81.23,None,1120,"{'ID': 'FP9977', 'Departure': 'Airport_32', 'Arrival': 'Airport_40', 'Planned Altitude': 10630.63, 'Planned Speed': 498.21}","{'Frequency': 6935.44, 'Content': 'Standard', 'Language': 'English'}",Unknown,1,None,PK,Loitering,"{'Visibility': 14555.26, 'Wind Speed': 20.96, 'Cloud Cover': 80.74}",Night,Mountainous,36968.62,78,High,51.19,88.13,81.97,5,SENSOR_12
2025-03-06 23:43:23.784082,-21.865498,101.200644,28.56,4.33,2.46,-1.63,-4.33,-19.52,-11.19,1605776290.73,263.8,10.6,None,8141,"{'ID': 'FP9377', 'Departure': 'Airport_47', 'Arrival': 'Airport_48', 'Planned Altitude': 18994.4, 'Planned Speed': 386.33}","{'Frequency': 1983.96, 'Content': 'Standard', 'Language': 'Unknown'}",Unknown,2,V-Formation,IN,Aggressive Maneuvers,"{'Visibility': 12655.29, 'Wind Speed': 27.49, 'Cloud Cover': 56.53}",Day,Mountainous,23626.02,54,Low,52.7,71.97,96.74,2,SENSOR_20
2025-03-07 17:49:28.784082,40.166485,165.743458,5.87,-0.58,-4.54,-2.57,8.41,-13.04,-19.23,4029625389.43,373.24,90.63,Jamming,5122,"{'ID': 'FP6236', 'Departure': 'Airport_38', 'Arrival': 'Airport_23', 'Planned Altitude': 32958.15, 'Planned Speed': 638.61}","{'Frequency': 6206.76, 'Content': 'Encrypted', 'Language': 'English'}",Armed,1,None,US,Aggressive Maneuvers,"{'Visibility': 27530.01, 'Wind Speed': 5.65, 'Cloud Cover': 98.8}",Night,Coastal,96049.83,7,Low,90.4,85.56,77.58,5,SENSOR_12
2025-03-07 09:03:07.784082,-12.312111,-84.116763,-23.24,-3.36,-1.39,3.14,2.83,0.17,-82.54,6017235739.07,896.71,48.15,Jamming,8298,"{'ID': 'FP8530', 'Departure': 'Airport_41', 'Arrival': 'Airport_50', 'Planned Altitude': 14053.4, 'Planned Speed': 446.97}","{'Frequency': 1432.57, 'Content': 'Standard', 'Language': 'Unknown'}",Unknown,4,Echelon,UK,Direct Approach,"{'Visibility': 43516.93, 'Wind Speed': 24.34, 'Cloud Cover': 67.77}",Night,Flat,61923.99,27,Low,83.95,89.37,53.24,2,SENSOR_15
2025-03-07 14:06:23.784082,15.391155,-171.981658,19.44,2.03,4.76,4.74,-7.86,3.4,-58.75,6300915698.01,75.88,50.48,Jamming,1037,"{'ID': 'FP1983', 'Departure': 'Airport_13', 'Arrival': 'Airport_29', 'Planned Altitude': 13317.73, 'Planned Speed': 528.69}","{'Frequency': 7914.77, 'Content': 'Encrypted', 'Language': 'English'}",Unknown,1,None,IN,Aggressive Maneuvers,"{'Visibility': 26790.34, 'Wind Speed': 8.73, 'Cloud Cover': 28.48}",Night,Flat,36353.67,8,High,50.49,56.1,57.62,1,SENSOR_13
2025-03-07 09:17:58.784082,87.238797,70.002861,-1.62,3.86,2.77,-3.86,1.02,17.16,-72.92,1477586192.36,603.99,2.95,None,2521,"{'ID': 'FP5836', 'Departure': 'Airport_47', 'Arrival': 'Airport_38', 'Planned Altitude': 26281.08, 'Planned Speed': 649.92}","{'Frequency': 5848.1, 'Content': 'Standard', 'Language': 'English'}",Armed,2,V-Formation,IR,Direct Approach,"{'Visibility': 46980.39, 'Wind Speed': 16.5, 'Cloud Cover': 6.21}",Twilight,Coastal,7326.97,44,High,60.72,71.86,53.28,5,SENSOR_13
2025-03-07 18:07:27.784082,36.951638,-7.873101,44.7,0.51,1.92,-1.74,1.62,-18.64,-79.93,4038041514.64,771.13,8.34,Unknown,5385,"{'ID': 'FP8868', 'Departure': 'Airport_34', 'Arrival': 'Airport_38', 'Planned Altitude': 24631.15, 'Planned Speed': 682.66}","{'Frequency': 9940.07, 'Content': 'Standard', 'Language': 'English'}",Unknown,6,V-Formation,RU,Direct Approach,"{'Visibility': 22409.95, 'Wind Speed': 17.71, 'Cloud Cover': 58.68}",Twilight,Flat,72224.95,24,High,93.06,71.67,68.47,5,SENSOR_18
2025-03-07 22:03:00.784082,43.01181,-158.227315,49.93,-2.91,-1.45,2.02,3.19,14.27,-61.46,8576670917.92,176.2,61.55,None,2279,"{'ID': 'FP1942', 'Departure': 'Airport_24', 'Arrival': 'Airport_46', 'Planned Altitude': 23311.69, 'Planned Speed': 544.93}","{'Frequency': 9663.47, 'Content': 'Standard', 'Language': 'English'}",Unknown,1,None,DE,Aggressive Maneuvers,"{'Visibility': 47935.11, 'Wind Speed': 7.12, 'Cloud Cover': 20.33}",Day,Mountainous,97012.8,85,Low,76.55,64.63,76.59,5,SENSOR_8
2025-03-07 12:51:57.784082,50.326218,92.86441,-17.56,-0.11,0.31,-4.73,-2.61,-3.69,-74.5,6690022163.55,692.78,63.65,Spoofing,3020,"{'ID': 'FP9450', 'Departure': 'Airport_26', 'Arrival': 'Airport_12', 'Planned Altitude': 4028.08, 'Planned Speed': 338.52}","{'Frequency': 2371.33, 'Content': 'Standard', 'Language': 'English'}",Armed,6,V-Formation,FR,Loitering,"{'Visibility': 3381.63, 'Wind Speed': 24.96, 'Cloud Cover': 66.57}",Twilight,Flat,69236.84,88,High,55.27,55.93,88.54,1,SENSOR_18
2025-03-07 22:21:24.784082,-40.875204,-73.489441,-28.91,-1.29,-2.91,-0.55,2.9,4.21,-23.22,2947603569.23,292.97,97.74,Spoofing,2966,"{'ID': 'FP4771', 'Departure': 'Airport_45', 'Arrival': 'Airport_23', 'Planned Altitude': 1666.53, 'Planned Speed': 341.47}","{'Frequency': 9987.08, 'Content': 'Standard', 'Language': 'English'}",Unarmed,3,V-Formation,CN,Aggressive Maneuvers,"{'Visibility': 45700.48, 'Wind Speed': 29.99, 'Cloud Cover': 33.61}",Day,Mountainous,34241.33,92,High,54.44,57.13,76.64,2,SENSOR_11
2025-03-07 05:28:46.784082,-21.566741,-65.653694,-17.61,1.88,2.21,-1.41,-7.8,-9.83,-72.2,7036064878.12,376.42,67.4,Jamming,8583,"{'ID': 'FP5752', 'Departure': 'Airport_10', 'Arrival': 'Airport_5', 'Planned Altitude': 39503.64, 'Planned Speed': 225.74}","{'Frequency': 6936.34, 'Content': 'Standard', 'Language': 'English'}",Unknown,1,None,KR,Direct Approach,"{'Visibility': 30671.13, 'Wind Speed': 2.72, 'Cloud Cover': 13.24}",Night,Mountainous,22442.48,83,High,85.38,61.16,89.11,1,SENSOR_2
2025-03-07 17:51:54.784082,-74.632701,110.971276,42.86,-3.7,1.96,1.63,-9.89,14.86,-7.01,1105326440.25,983.65,2.65,Jamming,3035,"{'ID': 'FP7977', 'Departure': 'Airport_49', 'Arrival': 'Airport_50', 'Planned Altitude': 11420.23, 'Planned Speed': 662.2}","{'Frequency': 2633.65, 'Content': 'Standard', 'Language': 'English'}",Unarmed,6,Line Abreast,UK,Aggressive Maneuvers,"{'Visibility': 45021.91, 'Wind Speed': 8.68, 'Cloud Cover': 46.14}",Day,Coastal,24992.33,97,Low,50.46,84.45,90.65,4,SENSOR_7
2025-03-07 02:57:43.784082,50.989142,-37.053317,-28.58,0.08,-0.56,-0.43,2.16,12.06,-92.83,6022505072.52,830.49,94.33,Spoofing,1664,"{'ID': 'FP7199', 'Departure': 'Airport_35', 'Arrival': 'Airport_40', 'Planned Altitude': 5119.41, 'Planned Speed': 500.75}","{'Frequency': 5353.68, 'Content': 'Standard', 'Language': 'English'}",Unknown,1,None,CN,Loitering,"{'Visibility': 18323.2, 'Wind Speed': 17.09, 'Cloud Cover': 99.17}",Night,Mountainous,44304.7,76,Low,53.05,76.15,86.11,3,SENSOR_5
2025-03-08 01:21:01.784082,53.130557,15.891793,-1.72,1.3,-2.28,-4.73,5.11,19.24,-12.31,3410262844.68,113.46,58.91,None,2897,"{'ID': 'FP8977', 'Departure': 'Airport_15', 'Arrival': 'Airport_47', 'Planned Altitude': 25057.97, 'Planned Speed': 715.65}","{'Frequency': 5436.82, 'Content': 'Standard', 'Language': 'English'}",Unknown,3,Echelon,RU,Loitering,"{'Visibility': 44234.31, 'Wind Speed': 29.57, 'Cloud Cover': 37.49}",Day,Mountainous,95011.3,34,Medium,71.98,62.05,62.05,2,SENSOR_10
2025-03-07 07:01:33.784082,-15.198513,-74.361499,-15.55,3.18,0.2,-0.02,6.95,-14.01,-32.48,3942365726.98,493.58,46.98,None,2880,"{'ID': 'FP7202', 'Departure': 'Airport_26', 'Arrival': 'Airport_3', 'Planned Altitude': 20961.81, 'Planned Speed': 830.88}","{'Frequency': 8029.14, 'Content': 'Encrypted', 'Language': 'English'}",Unarmed,5,None,RU,Aggressive Maneuvers,"{'Visibility': 44458.96, 'Wind Speed': 4.08, 'Cloud Cover': 1.95}",Day,Flat,54917.22,20,Low,60.28,71.75,50.97,4,SENSOR_20
2025-03-07 10:41:32.784082,87.699074,10.968849,-1.19,-2.59,-3.35,-0.53,-7.37,12.37,-70.67,1420499592.39,356.31,41.1,Jamming,9882,"{'ID': 'FP5061', 'Departure': 'Airport_16', 'Arrival': 'Airport_6', 'Planned Altitude': 22766.9, 'Planned Speed': 565.35}","{'Frequency': 7098.51, 'Content': 'Standard', 'Language': 'English'}",Unknown,3,Echelon,IN,Loitering,"{'Visibility': 10443.04, 'Wind Speed': 22.23, 'Cloud Cover': 61.96}",Day,Mountainous,16820.72,21,Low,65.71,99.89,57.95,1,SENSOR_8
2025-03-07 03:20:53.784082,53.862695,170.377022,7.42,0.62,0.87,-3.85,3.93,-19.45,-38.51,9270361308.86,42.85,66.69,Unknown,1360,"{'ID': 'FP1333', 'Departure': 'Airport_16', 'Arrival': 'Airport_16', 'Planned Altitude': 35161.49, 'Planned Speed': 633.8}","{'Frequency': 1507.18, 'Content': 'Encrypted', 'Language': 'Unknown'}",Unarmed,5,Echelon,UK,Direct Approach,"{'Visibility': 22272.22, 'Wind Speed': 8.4, 'Cloud Cover': 86.86}",Day,Coastal,15002.94,94,High,84.79,54.29,53.45,5,SENSOR_11
2025-03-07 03:49:17.784082,-68.217782,153.072619,-41.42,2.86,-1.27,-4.54,-0.14,3.9,-74.19,1828824956.98,930.97,67.3,Unknown,6371,"{'ID': 'FP3608', 'Departure': 'Airport_31', 'Arrival': 'Airport_34', 'Planned Altitude': 3810.71, 'Planned Speed': 588.84}","{'Frequency': 579.24, 'Content': 'Encrypted', 'Language': 'Unknown'}",Unarmed,4,Echelon,IR,Loitering,"{'Visibility': 44119.62, 'Wind Speed': 22.56, 'Cloud Cover': 65.3}",Night,Flat,75122.07,8,High,74.25,66.03,96.16,3,SENSOR_17
2025-03-07 23:35:12.784082,-29.891765,-132.845646,26.22,1.91,0.3,-3.22,-1.8,17.5,-72.24,4250151152.45,486.63,25.1,Spoofing,8605,"{'ID': 'FP6011', 'Departure': 'Airport_2', 'Arrival': 'Airport_42', 'Planned Altitude': 20788.7, 'Planned Speed': 663.38}","{'Frequency': 9597.37, 'Content': 'Standard', 'Language': 'English'}",Unknown,4,None,IN,Direct Approach,"{'Visibility': 6056.54, 'Wind Speed': 11.47, 'Cloud Cover': 70.37}",Night,Flat,1629.66,36,High,55.88,95.94,65.03,2,SENSOR_6
2025-03-07 04:11:16.784082,-52.14132,-161.33893,-17.21,-3.84,-3.02,1.74,-5.24,4.92,-28.47,5317182489.16,916.43,33.81,None,9704,"{'ID': 'FP1424', 'Departure': 'Airport_21', 'Arrival': 'Airport_15', 'Planned Altitude': 5302.49, 'Planned Speed': 819.05}","{'Frequency': 8027.85, 'Content': 'Standard', 'Language': 'English'}",Unknown,5,None,UK,Direct Approach,"{'Visibility': 7852.95, 'Wind Speed': 11.47, 'Cloud Cover': 83.19}",Twilight,Flat,55415.32,67,Medium,70.94,93.99,74.64,4,SENSOR_1
2025-03-07 22:52:28.784082,85.426148,118.942367,6.5,2.19,4.98,2.28,-4.35,-5.06,-16.73,7679858391.48,869.39,94.14,Jamming,9413,"{'ID': 'FP5397', 'Departure': 'Airport_1', 'Arrival': 'Airport_18', 'Planned Altitude': 25000.95, 'Planned Speed': 655.76}","{'Frequency': 7236.1, 'Content': 'Standard', 'Language': 'English'}",Unarmed,4,Line Abreast,KR,Aggressive Maneuvers,"{'Visibility': 1182.8, 'Wind Speed': 18.6, 'Cloud Cover': 64.29}",Night,Flat,7023.49,16,Medium,72.9,60.63,67.11,3,SENSOR_1
2025-03-07 04:58:39.784082,-26.826833,6.765301,21.75,-4.8,-1.98,-1.85,8.82,7.58,-75.78,4791933874.28,258.32,35.78,Unknown,1163,"{'ID': 'FP1317', 'Departure': 'Airport_3', 'Arrival': 'Airport_9', 'Planned Altitude': 17969.34, 'Planned Speed': 686.5}","{'Frequency': 7836.09, 'Content': 'Standard', 'Language': 'English'}",Unknown,5,Line Abreast,RU,Aggressive Maneuvers,"{'Visibility': 30704.38, 'Wind Speed': 18.76, 'Cloud Cover': 29.9}",Twilight,Coastal,88665.08,89,Low,87.73,85.48,65.15,4,SENSOR_19
2025-03-07 05:35:48.784082,61.513914,136.875881,7.42,-2.82,4.56,-4.72,6.77,6.1,-38.91,1944932501.33,198.53,48.14,Unknown,5149,"{'ID': 'FP4078', 'Departure': 'Airport_16', 'Arrival': 'Airport_40', 'Planned Altitude': 13501.96, 'Planned Speed': 870.57}","{'Frequency': 917.85, 'Content': 'Standard', 'Language': 'English'}",Armed,1,None,DE,Aggressive Maneuvers,"{'Visibility': 28712.49, 'Wind Speed': 24.09, 'Cloud Cover': 79.92}",Day,Flat,13324.26,57,Medium,90.07,72.94,66.37,3,SENSOR_6
2025-03-07 07:44:20.784082,-79.193399,-30.699698,30.28,4.9,1.7,-0.76,3.81,16.64,-73.05,2275560541.87,740.86,31.95,None,2044,"{'ID': 'FP5389', 'Departure': 'Airport_17', 'Arrival': 'Airport_28', 'Planned Altitude': 33777.77, 'Planned Speed': 873.43}","{'Frequency': 4162.45, 'Content': 'Standard', 'Language': 'English'}",Unarmed,5,Echelon,FR,Aggressive Maneuvers,"{'Visibility': 34603.46, 'Wind Speed': 10.89, 'Cloud Cover': 18.73}",Day,Coastal,6368.1,34,High,68.75,67.77,91.83,4,SENSOR_4
2025-03-07 07:56:33.784082,-45.848847,178.776743,-7.46,-0.53,-0.77,-4.16,0.94,-2.84,-89.55,3976319482.75,251.72,26.41,Unknown,5902,"{'ID': 'FP2580', 'Departure': 'Airport_26', 'Arrival': 'Airport_7', 'Planned Altitude': 10053.72, 'Planned Speed': 599.26}","{'Frequency': 9224.8, 'Content': 'Encrypted', 'Language': 'English'}",Armed,5,None,KR,Aggressive Maneuvers,"{'Visibility': 1964.98, 'Wind Speed': 8.74, 'Cloud Cover': 88.51}",Twilight,Flat,98769.32,23,High,93.64,63.18,69.57,5,SENSOR_2
2025-03-07 12:25:15.784082,51.635683,-34.09101,49.14,-2.62,-1.98,1.82,7.17,9.73,-29.48,4255450321.05,255.4,77.81,None,1122,"{'ID': 'FP9562', 'Departure': 'Airport_34', 'Arrival': 'Airport_31', 'Planned Altitude': 9070.81, 'Planned Speed': 613.55}","{'Frequency': 3173.4, 'Content': 'Standard', 'Language': 'English'}",Unarmed,3,None,PK,Aggressive Maneuvers,"{'Visibility': 38359.98, 'Wind Speed': 28.29, 'Cloud Cover': 55.02}",Twilight,Mountainous,57050.15,58,Medium,82.4,56.55,71.69,4,SENSOR_10
2025-03-07 16:09:46.784082,31.14302,86.976446,33.83,3.97,-4.45,2.4,8.87,16.7,-30.64,1128935669.88,356.16,15.08,None,7386,"{'ID': 'FP5326', 'Departure': 'Airport_39', 'Arrival': 'Airport_15', 'Planned Altitude': 7847.38, 'Planned Speed': 435.39}","{'Frequency': 9703.83, 'Content': 'Standard', 'Language': 'Unknown'}",Unknown,2,None,IR,Aggressive Maneuvers,"{'Visibility': 38290.8, 'Wind Speed': 25.8, 'Cloud Cover': 27.21}",Night,Coastal,67334.73,60,Low,77.25,61.2,68.9,5,SENSOR_7
2025-03-07 13:04:36.784082,-4.501335,-175.712956,-41.79,0.82,-0.98,1.11,-1.33,12.23,-23.65,4032707903.68,73.12,28.19,Unknown,5356,"{'ID': 'FP8785', 'Departure': 'Airport_2', 'Arrival': 'Airport_14', 'Planned Altitude': 30271.27, 'Planned Speed': 449.92}","{'Frequency': 4791.67, 'Content': 'Standard', 'Language': 'Unknown'}",Armed,5,Line Abreast,RU,Loitering,"{'Visibility': 8152.87, 'Wind Speed': 3.01, 'Cloud Cover': 20.89}",Twilight,Coastal,47290.61,85,High,72.88,90.94,75.33,4,SENSOR_19
2025-03-07 08:20:01.784082,49.817941,-15.909956,17.27,1.2,-0.83,-1.19,-6.03,-6.99,-7.1,1074150966.91,86.73,82.08,None,7750,"{'ID': 'FP2796', 'Departure': 'Airport_42', 'Arrival': 'Airport_25', 'Planned Altitude': 22611.96, 'Planned Speed': 486.55}","{'Frequency': 2864.33, 'Content': 'Encrypted', 'Language': 'English'}",Unarmed,3,None,IR,Loitering,"{'Visibility': 47397.27, 'Wind Speed': 0.43, 'Cloud Cover': 70.18}",Night,Coastal,21346.48,1,Low,92.27,71.92,56.4,3,SENSOR_13
2025-03-08 01:49:07.784082,63.099827,-20.625574,-22.88,-3.81,-1.06,3.95,3.36,-11.5,-9.74,9048247113.25,861.26,58.07,None,2151,"{'ID': 'FP9293', 'Departure': 'Airport_32', 'Arrival': 'Airport_34', 'Planned Altitude': 11247.17, 'Planned Speed': 821.32}","{'Frequency': 5139.31, 'Content': 'Encrypted', 'Language': 'English'}",Armed,2,V-Formation,US,Aggressive Maneuvers,"{'Visibility': 12371.49, 'Wind Speed': 28.0, 'Cloud Cover': 52.49}",Twilight,Coastal,3297.02,34,Low,84.95,73.5,51.9,3,SENSOR_9
2025-03-07 19:51:51.784082,-11.573255,-59.201602,8.83,-2.24,4.12,4.79,-7.66,-2.81,-62.8,2192895784.4,540.6,39.3,Unknown,9567,"{'ID': 'FP8633', 'Departure': 'Airport_2', 'Arrival': 'Airport_2', 'Planned Altitude': 4683.06, 'Planned Speed': 800.16}","{'Frequency': 8062.61, 'Content': 'Standard', 'Language': 'Unknown'}",Unarmed,3,Echelon,IR,Direct Approach,"{'Visibility': 12720.03, 'Wind Speed': 29.73, 'Cloud Cover': 92.58}",Night,Coastal,97514.89,21,Low,53.24,92.65,50.35,1,SENSOR_17
2025-03-07 20:34:14.784082,-72.802238,19.54621,-44.29,4.44,4.19,1.26,-0.16,-1.84,-82.1,6243270979.34,150.59,54.97,None,2487,"{'ID': 'FP8602', 'Departure': 'Airport_39', 'Arrival': 'Airport_1', 'Planned Altitude': 18417.1, 'Planned Speed': 549.8}","{'Frequency': 9632.03, 'Content': 'Standard', 'Language': 'English'}",Unarmed,3,None,IR,Direct Approach,"{'Visibility': 44355.55, 'Wind Speed': 4.77, 'Cloud Cover': 3.26}",Twilight,Flat,15043.44,77,Medium,84.86,87.61,76.0,4,SENSOR_9
2025-03-07 13:39:52.784082,-65.983901,-142.529249,30.9,4.22,-2.81,-3.22,-0.31,-17.97,-18.36,2197454475.15,540.3,63.7,Unknown,7756,"{'ID': 'FP7374', 'Departure': 'Airport_10', 'Arrival': 'Airport_40', 'Planned Altitude': 1140.21, 'Planned Speed': 615.79}","{'Frequency': 674.52, 'Content': 'Standard', 'Language': 'English'}",Unarmed,2,Line Abreast,DE,Aggressive Maneuvers,"{'Visibility': 40729.65, 'Wind Speed': 20.01, 'Cloud Cover': 37.18}",Twilight,Flat,24776.75,52,Low,80.18,93.33,82.98,4,SENSOR_15
2025-03-07 04:40:34.784082,-24.26314,29.153065,-33.46,-2.68,-0.74,-2.43,-2.59,-10.38,-96.29,5215852829.15,66.14,51.07,Spoofing,4497,"{'ID': 'FP7822', 'Departure': 'Airport_3', 'Arrival': 'Airport_34', 'Planned Altitude': 23281.43, 'Planned Speed': 450.02}","{'Frequency': 8381.77, 'Content': 'Standard', 'Language': 'Unknown'}",Armed,3,Line Abreast,FR,Aggressive Maneuvers,"{'Visibility': 43229.69, 'Wind Speed': 11.3, 'Cloud Cover': 71.6}",Twilight,Coastal,58861.76,89,Low,74.73,86.8,69.72,5,SENSOR_16
2025-03-07 19:45:38.784082,33.866345,-154.687356,-39.01,-0.82,-0.49,-4.72,-7.96,-13.98,-0.93,8453139157.17,645.19,85.35,None,6874,"{'ID': 'FP6394', 'Departure': 'Airport_14', 'Arrival': 'Airport_32', 'Planned Altitude': 7619.59, 'Planned Speed': 515.73}","{'Frequency': 733.38, 'Content': 'Standard', 'Language': 'English'}",Armed,5,V-Formation,FR,Loitering,"{'Visibility': 6486.41, 'Wind Speed': 20.97, 'Cloud Cover': 59.17}",Twilight,Coastal,98758.39,72,Medium,66.3,78.11,53.26,1,SENSOR_14
2025-03-07 12:55:15.784082,72.161879,-114.265852,35.6,-4.45,-0.48,2.19,5.26,-5.57,-79.59,8972503589.22,358.49,6.56,Jamming,9446,"{'ID': 'FP9804', 'Departure': 'Airport_8', 'Arrival': 'Airport_12', 'Planned Altitude': 27480.41, 'Planned Speed': 466.06}","{'Frequency': 6976.48, 'Content': 'Standard', 'Language': 'English'}",Unknown,2,Echelon,CN,Direct Approach,"{'Visibility': 17025.18, 'Wind Speed': 6.3, 'Cloud Cover': 28.75}",Twilight,Flat,71166.71,77,Low,73.99,73.53,91.67,1,SENSOR_14
2025-03-08 01:58:49.784082,74.360309,58.401301,-43.08,-0.68,-0.34,4.17,8.72,13.76,-6.56,4337002965.47,262.45,87.58,Jamming,9638,"{'ID': 'FP1063', 'Departure': 'Airport_27', 'Arrival': 'Airport_50', 'Planned Altitude': 24533.52, 'Planned Speed': 224.66}","{'Frequency': 2944.0, 'Content': 'Standard', 'Language': 'English'}",Armed,1,None,IN,Loitering,"{'Visibility': 24255.63, 'Wind Speed': 9.31, 'Cloud Cover': 49.59}",Day,Coastal,9079.95,87,High,86.03,66.07,90.5,2,SENSOR_20
2025-03-06 22:20:20.784082,-47.868749,-144.325854,-47.12,2.25,3.38,-3.78,3.27,5.02,-97.31,8460747413.92,979.29,96.75,Jamming,4227,"{'ID': 'FP6372', 'Departure': 'Airport_32', 'Arrival': 'Airport_16', 'Planned Altitude': 32468.27, 'Planned Speed': 258.97}","{'Frequency': 9972.49, 'Content': 'Encrypted', 'Language': 'English'}",Unknown,6,Line Abreast,PK,Aggressive Maneuvers,"{'Visibility': 10279.43, 'Wind Speed': 20.84, 'Cloud Cover': 11.88}",Twilight,Flat,5329.93,37,Low,50.54,86.86,85.91,2,SENSOR_2
2025-03-07 21:40:17.784082,23.027472,-2.962778,16.38,1.12,1.35,0.08,5.06,10.79,-94.21,6205042465.69,651.82,70.78,Unknown,7275,"{'ID': 'FP2702', 'Departure': 'Airport_43', 'Arrival': 'Airport_48', 'Planned Altitude': 38575.11, 'Planned Speed': 403.78}","{'Frequency': 4404.94, 'Content': 'Standard', 'Language': 'English'}",Armed,2,Echelon,RU,Direct Approach,"{'Visibility': 21937.53, 'Wind Speed': 1.51, 'Cloud Cover': 8.8}",Twilight,Flat,75830.9,34,High,57.27,75.79,80.39,4,SENSOR_3
2025-03-07 10:00:25.784082,35.785485,-6.353161,-0.88,1.36,3.84,3.91,8.18,18.05,-95.2,6145432964.09,842.4,69.68,Spoofing,9012,"{'ID': 'FP9932', 'Departure': 'Airport_34', 'Arrival': 'Airport_17', 'Planned Altitude': 19124.35, 'Planned Speed': 634.35}","{'Frequency': 3568.46, 'Content': 'Standard', 'Language': 'Unknown'}",Unarmed,3,Echelon,IR,Direct Approach,"{'Visibility': 23638.0, 'Wind Speed': 5.75, 'Cloud Cover': 27.0}",Day,Flat,60669.95,92,High,61.15,81.87,83.29,2,SENSOR_1
2025-03-07 06:35:26.784082,-63.799391,-115.464102,-19.95,0.7,0.0,3.55,-2.35,1.03,-38.61,1110948931.12,324.46,45.46,Unknown,2245,"{'ID': 'FP1278', 'Departure': 'Airport_21', 'Arrival': 'Airport_3', 'Planned Altitude': 5475.33, 'Planned Speed': 359.8}","{'Frequency': 1597.55, 'Content': 'Standard', 'Language': 'Unknown'}",Unknown,2,Echelon,DE,Loitering,"{'Visibility': 40540.9, 'Wind Speed': 5.43, 'Cloud Cover': 48.46}",Day,Flat,31676.18,98,Low,64.82,50.29,89.17,4,SENSOR_15
2025-03-07 19:39:24.784082,27.524649,55.157412,-36.9,1.04,-3.62,-1.1,4.5,-9.46,-35.23,9519561263.49,37.44,7.49,Spoofing,7098,"{'ID': 'FP5347', 'Departure': 'Airport_38', 'Arrival': 'Airport_16', 'Planned Altitude': 28872.65, 'Planned Speed': 571.82}","{'Frequency': 4396.35, 'Content': 'Encrypted', 'Language': 'English'}",Unarmed,5,Echelon,DE,Loitering,"{'Visibility': 2412.6, 'Wind Speed': 5.38, 'Cloud Cover': 7.51}",Twilight,Coastal,53780.7,61,High,78.92,85.51,82.87,3,SENSOR_12
2025-03-07 19:15:15.784082,-54.70567,-175.25737,-29.09,0.32,4.43,2.81,-5.29,14.09,-36.88,6709290251.03,926.46,78.73,Spoofing,8966,"{'ID': 'FP3673', 'Departure': 'Airport_35', 'Arrival': 'Airport_30', 'Planned Altitude': 14329.48, 'Planned Speed': 780.81}","{'Frequency': 826.71, 'Content': 'Standard', 'Language': 'English'}",Armed,6,Line Abreast,CN,Aggressive Maneuvers,"{'Visibility': 41548.27, 'Wind Speed': 28.86, 'Cloud Cover': 82.65}",Night,Mountainous,20853.68,95,Medium,73.57,82.5,73.35,3,SENSOR_13
2025-03-07 00:47:59.784082,-88.08026,-58.687445,-7.06,3.96,-1.56,-1.34,-8.26,9.87,-31.07,6083120781.64,760.16,14.78,Jamming,2484,"{'ID': 'FP8625', 'Departure': 'Airport_43', 'Arrival': 'Airport_46', 'Planned Altitude': 11174.61, 'Planned Speed': 252.91}","{'Frequency': 5933.92, 'Content': 'Standard', 'Language': 'English'}",Armed,6,V-Formation,UK,Aggressive Maneuvers,"{'Visibility': 29504.25, 'Wind Speed': 27.69, 'Cloud Cover': 5.73}",Night,Coastal,48530.39,29,High,77.44,72.6,79.36,5,SENSOR_2
2025-03-07 15:03:18.784082,-27.557654,-22.209594,-48.47,4.91,4.12,-3.87,7.09,14.74,-89.82,1289129116.97,410.26,16.91,Spoofing,8167,"{'ID': 'FP7708', 'Departure': 'Airport_29', 'Arrival': 'Airport_36', 'Planned Altitude': 35733.29, 'Planned Speed': 798.91}","{'Frequency': 3329.37, 'Content': 'Standard', 'Language': 'Unknown'}",Unknown,2,None,CN,Loitering,"{'Visibility': 40718.82, 'Wind Speed': 17.9, 'Cloud Cover': 63.55}",Day,Flat,30499.54,76,Medium,61.46,77.28,53.73,2,SENSOR_17
2025-03-08 01:56:23.784082,67.060551,66.2275,22.38,-1.5,3.08,3.96,-7.79,2.26,-6.64,7162611971.47,46.92,89.07,Spoofing,8648,"{'ID': 'FP1480', 'Departure': 'Airport_42', 'Arrival': 'Airport_29', 'Planned Altitude': 30454.29, 'Planned Speed': 227.23}","{'Frequency': 1046.04, 'Content': 'Standard', 'Language': 'English'}",Unknown,4,Echelon,IN,Direct Approach,"{'Visibility': 32024.7, 'Wind Speed': 17.51, 'Cloud Cover': 23.88}",Day,Flat,92284.06,9,Low,65.18,92.91,82.41,5,SENSOR_1
2025-03-07 19:09:57.784082,59.94605,37.968226,-22.86,-1.94,0.06,-1.61,-6.86,-7.54,-41.84,7261368132.37,435.7,49.77,None,4679,"{'ID': 'FP5193', 'Departure': 'Airport_14', 'Arrival': 'Airport_30', 'Planned Altitude': 2562.78, 'Planned Speed': 509.27}","{'Frequency': 3507.64, 'Content': 'Standard', 'Language': 'English'}",Unarmed,1,None,IN,Loitering,"{'Visibility': 16816.18, 'Wind Speed': 24.57, 'Cloud Cover': 15.75}",Day,Flat,27625.94,53,High,56.38,55.64,74.38,5,SENSOR_20
2025-03-07 10:27:59.784082,36.300613,-95.499272,-27.61,1.38,2.98,0.55,8.8,10.05,-58.52,7805875463.89,222.03,20.87,None,1207,"{'ID': 'FP3340', 'Departure': 'Airport_39', 'Arrival': 'Airport_25', 'Planned Altitude': 30966.83, 'Planned Speed': 561.14}","{'Frequency': 2410.06, 'Content': 'Encrypted', 'Language': 'English'}",Armed,4,None,DE,Loitering,"{'Visibility': 29945.35, 'Wind Speed': 26.06, 'Cloud Cover': 54.51}",Day,Flat,84615.49,34,Medium,75.11,80.83,58.7,2,SENSOR_19
2025-03-06 22:22:05.784082,-53.699595,75.083836,-26.35,0.95,2.8,-3.68,9.64,0.66,-97.81,9114707192.9,7.51,41.95,Unknown,5352,"{'ID': 'FP8622', 'Departure': 'Airport_41', 'Arrival': 'Airport_39', 'Planned Altitude': 9029.61, 'Planned Speed': 236.87}","{'Frequency': 2784.11, 'Content': 'Encrypted', 'Language': 'Unknown'}",Unarmed,5,V-Formation,IR,Aggressive Maneuvers,"{'Visibility': 37397.98, 'Wind Speed': 9.86, 'Cloud Cover': 57.91}",Day,Mountainous,41356.11,12,Low,93.5,79.02,57.97,5,SENSOR_5
2025-03-07 10:59:42.784082,53.767539,129.866152,17.63,-2.84,3.49,4.26,-8.63,-1.99,-37.99,1922652641.35,528.17,55.07,Jamming,7356,"{'ID': 'FP1440', 'Departure': 'Airport_40', 'Arrival': 'Airport_34', 'Planned Altitude': 34944.46, 'Planned Speed': 545.62}","{'Frequency': 686.87, 'Content': 'Encrypted', 'Language': 'English'}",Unarmed,1,None,PK,Loitering,"{'Visibility': 41520.09, 'Wind Speed': 2.5, 'Cloud Cover': 0.33}",Day,Coastal,78983.07,48,Medium,70.72,58.99,79.64,1,SENSOR_15
2025-03-07 14:18:53.784082,-78.548114,-177.210318,-15.62,2.15,-0.68,0.74,-2.6,-18.44,-47.98,8390750746.73,439.44,87.64,None,6240,"{'ID': 'FP8682', 'Departure': 'Airport_2', 'Arrival': 'Airport_43', 'Planned Altitude': 27550.66, 'Planned Speed': 716.04}","{'Frequency': 3660.36, 'Content': 'Standard', 'Language': 'Unknown'}",Armed,2,Echelon,FR,Direct Approach,"{'Visibility': 2397.0, 'Wind Speed': 4.03, 'Cloud Cover': 31.96}",Night,Mountainous,13863.93,42,Medium,83.67,95.37,61.63,1,SENSOR_1
2025-03-08 00:47:18.784082,28.542014,-22.440074,49.39,-4.01,-0.55,-0.41,-8.52,-5.97,-41.99,1097104818.64,485.2,66.49,Unknown,6501,"{'ID': 'FP1502', 'Departure': 'Airport_20', 'Arrival': 'Airport_10', 'Planned Altitude': 14141.55, 'Planned Speed': 746.91}","{'Frequency': 7921.59, 'Content': 'Encrypted', 'Language': 'English'}",Unarmed,4,Echelon,FR,Aggressive Maneuvers,"{'Visibility': 47920.16, 'Wind Speed': 20.31, 'Cloud Cover': 53.28}",Day,Flat,66423.42,92,Medium,84.66,98.25,96.91,4,SENSOR_12
2025-03-06 23:44:46.784082,-81.070619,162.284961,-17.37,-1.59,4.06,-0.1,8.33,-11.65,-23.23,8813877584.94,73.3,11.9,Unknown,5010,"{'ID': 'FP2309', 'Departure': 'Airport_4', 'Arrival': 'Airport_15', 'Planned Altitude': 22785.83, 'Planned Speed': 567.38}","{'Frequency': 1209.74, 'Content': 'Encrypted', 'Language': 'English'}",Unknown,5,V-Formation,PK,Aggressive Maneuvers,"{'Visibility': 46747.9, 'Wind Speed': 26.31, 'Cloud Cover': 61.89}",Day,Flat,80238.55,36,Medium,91.51,67.26,83.92,4,SENSOR_13
2025-03-07 05:47:01.784082,-18.250141,-6.159243,-28.66,-1.08,0.71,3.07,8.92,-3.06,-59.62,9113106388.59,247.96,23.22,Jamming,7104,"{'ID': 'FP6108', 'Departure': 'Airport_12', 'Arrival': 'Airport_3', 'Planned Altitude': 12021.02, 'Planned Speed': 261.64}","{'Frequency': 3522.42, 'Content': 'Standard', 'Language': 'Unknown'}",Unknown,4,Line Abreast,IR,Aggressive Maneuvers,"{'Visibility': 26680.2, 'Wind Speed': 28.78, 'Cloud Cover': 87.33}",Twilight,Coastal,4136.92,70,Medium,67.29,89.61,72.95,5,SENSOR_1
2025-03-07 14:01:05.784082,-51.553913,-147.185674,14.14,0.47,3.31,-0.7,2.55,-1.08,-64.51,8519477512.24,503.12,41.61,Unknown,7775,"{'ID': 'FP2416', 'Departure': 'Airport_10', 'Arrival': 'Airport_32', 'Planned Altitude': 37764.99, 'Planned Speed': 836.81}","{'Frequency': 9769.73, 'Content': 'Encrypted', 'Language': 'English'}",Unarmed,5,Line Abreast,KR,Direct Approach,"{'Visibility': 3764.17, 'Wind Speed': 25.47, 'Cloud Cover': 51.37}",Twilight,Mountainous,1332.66,81,High,69.68,74.84,74.71,5,SENSOR_16
2025-03-07 01:15:18.784082,-63.016981,-174.091801,-37.13,-0.41,-4.03,-2.62,5.49,0.97,-6.19,3725042426.31,304.32,99.24,None,8306,"{'ID': 'FP9111', 'Departure': 'Airport_11', 'Arrival': 'Airport_20', 'Planned Altitude': 36286.51, 'Planned Speed': 229.92}","{'Frequency': 9915.68, 'Content': 'Standard', 'Language': 'English'}",Unknown,4,Line Abreast,DE,Loitering,"{'Visibility': 1795.01, 'Wind Speed': 20.45, 'Cloud Cover': 26.37}",Night,Flat,33971.25,78,Low,97.33,98.65,64.86,2,SENSOR_4
2025-03-07 12:34:42.784082,-4.198713,142.9167,-2.7,-2.1,3.48,4.03,-9.53,12.5,-92.21,6543989843.22,811.53,49.63,Unknown,9795,"{'ID': 'FP4313', 'Departure': 'Airport_49', 'Arrival': 'Airport_6', 'Planned Altitude': 35108.83, 'Planned Speed': 405.47}","{'Frequency': 6191.09, 'Content': 'Standard', 'Language': 'English'}",Unknown,2,V-Formation,US,Loitering,"{'Visibility': 7096.16, 'Wind Speed': 25.83, 'Cloud Cover': 30.64}",Night,Flat,99986.86,82,Low,56.65,50.34,88.9,4,SENSOR_6
2025-03-06 23:31:55.784082,78.343817,162.730417,25.53,3.93,-0.12,3.11,-0.62,-19.6,-13.99,6707392760.85,166.88,6.82,Spoofing,2430,"{'ID': 'FP1831', 'Departure': 'Airport_3', 'Arrival': 'Airport_25', 'Planned Altitude': 8491.33, 'Planned Speed': 324.97}","{'Frequency': 2796.86, 'Content': 'Standard', 'Language': 'English'}",Armed,1,None,IR,Loitering,"{'Visibility': 15955.6, 'Wind Speed': 25.59, 'Cloud Cover': 97.63}",Day,Flat,20475.92,67,High,59.69,95.89,69.54,1,SENSOR_10
2025-03-07 21:50:01.784082,48.014365,-91.338084,3.0,-0.88,-1.04,4.83,-0.83,4.28,-53.55,2343850782.63,773.09,93.82,Jamming,1784,"{'ID': 'FP8441', 'Departure': 'Airport_30', 'Arrival': 'Airport_44', 'Planned Altitude': 32185.38, 'Planned Speed': 209.93}","{'Frequency': 2541.04, 'Content': 'Encrypted', 'Language': 'English'}",Armed,4,Echelon,FR,Loitering,"{'Visibility': 39463.01, 'Wind Speed': 0.16, 'Cloud Cover': 47.31}",Day,Mountainous,81850.25,24,High,91.94,71.04,94.76,5,SENSOR_6
2025-03-07 08:41:07.784082,3.51321,107.15013,-26.84,2.83,0.86,-4.93,6.57,3.07,-84.55,2195251835.29,102.41,83.26,Spoofing,2462,"{'ID': 'FP8654', 'Departure': 'Airport_48', 'Arrival': 'Airport_32', 'Planned Altitude': 10663.89, 'Planned Speed': 719.25}","{'Frequency': 530.45, 'Content': 'Standard', 'Language': 'English'}",Unarmed,2,V-Formation,KR,Aggressive Maneuvers,"{'Visibility': 36810.45, 'Wind Speed': 23.94, 'Cloud Cover': 51.67}",Twilight,Flat,16850.15,24,High,75.41,54.35,92.71,1,SENSOR_12
2025-03-08 00:40:58.784082,13.40406,170.033691,24.29,-4.29,1.99,-2.08,7.06,-1.55,-61.39,8274450311.6,400.29,54.15,Unknown,5950,"{'ID': 'FP4914', 'Departure': 'Airport_8', 'Arrival': 'Airport_30', 'Planned Altitude': 17240.54, 'Planned Speed': 652.83}","{'Frequency': 4797.03, 'Content': 'Standard', 'Language': 'Unknown'}",Armed,4,Line Abreast,IN,Direct Approach,"{'Visibility': 32696.47, 'Wind Speed': 16.4, 'Cloud Cover': 0.78}",Night,Mountainous,20837.42,23,High,56.56,65.09,51.37,4,SENSOR_17
2025-03-07 05:14:00.784082,19.374235,13.26468,23.36,-4.48,0.51,4.92,-6.84,-18.32,-22.65,1305962506.17,572.66,73.73,Unknown,3756,"{'ID': 'FP4841', 'Departure': 'Airport_39', 'Arrival': 'Airport_30', 'Planned Altitude': 38480.9, 'Planned Speed': 698.88}","{'Frequency': 4128.68, 'Content': 'Standard', 'Language': 'English'}",Armed,5,None,FR,Direct Approach,"{'Visibility': 2431.59, 'Wind Speed': 26.48, 'Cloud Cover': 63.28}",Twilight,Flat,65609.99,28,Low,67.64,50.01,80.67,2,SENSOR_8
2025-03-07 13:24:43.784082,18.211787,-167.623715,-41.25,-0.23,-0.74,-3.87,-4.08,-5.12,-83.61,9640231684.76,716.09,7.58,Unknown,3300,"{'ID': 'FP5906', 'Departure': 'Airport_25', 'Arrival': 'Airport_38', 'Planned Altitude': 16413.7, 'Planned Speed': 653.07}","{'Frequency': 1462.58, 'Content': 'Encrypted', 'Language': 'English'}",Unarmed,4,V-Formation,DE,Direct Approach,"{'Visibility': 3161.74, 'Wind Speed': 26.27, 'Cloud Cover': 32.66}",Twilight,Flat,64129.2,52,Low,77.95,93.47,64.81,1,SENSOR_9
2025-03-07 02:44:41.784082,-57.991876,-105.376037,-40.11,4.57,-0.6,-3.45,0.48,9.36,-50.28,8636618198.06,38.38,14.97,None,9342,"{'ID': 'FP3944', 'Departure': 'Airport_9', 'Arrival': 'Airport_8', 'Planned Altitude': 1986.01, 'Planned Speed': 393.98}","{'Frequency': 5300.96, 'Content': 'Encrypted', 'Language': 'Unknown'}",Unarmed,3,V-Formation,US,Aggressive Maneuvers,"{'Visibility': 13853.53, 'Wind Speed': 29.7, 'Cloud Cover': 24.68}",Night,Flat,24781.48,22,Medium,62.21,50.38,82.79,1,SENSOR_6
2025-03-07 05:58:53.784082,-6.142442,157.936397,45.48,4.76,4.94,-4.37,-4.5,11.8,-0.59,2468595963.85,661.7,13.97,None,9697,"{'ID': 'FP5252', 'Departure': 'Airport_16', 'Arrival': 'Airport_13', 'Planned Altitude': 29023.07, 'Planned Speed': 276.23}","{'Frequency': 9216.22, 'Content': 'Standard', 'Language': 'Unknown'}",Unknown,5,Echelon,UK,Aggressive Maneuvers,"{'Visibility': 33179.92, 'Wind Speed': 6.76, 'Cloud Cover': 27.15}",Day,Coastal,47744.54,52,Low,86.11,53.43,75.38,4,SENSOR_7
2025-03-07 18:07:27.784082,16.237267,22.448308,-48.98,-2.09,5.0,2.31,0.82,-9.46,-45.93,9124913562.38,904.82,17.12,Spoofing,9916,"{'ID': 'FP5380', 'Departure': 'Airport_9', 'Arrival': 'Airport_5', 'Planned Altitude': 6104.45, 'Planned Speed': 553.39}","{'Frequency': 6004.69, 'Content': 'Standard', 'Language': 'English'}",Unknown,6,None,KR,Loitering,"{'Visibility': 7976.54, 'Wind Speed': 12.64, 'Cloud Cover': 36.57}",Day,Mountainous,61077.18,98,High,57.89,76.8,69.99,4,SENSOR_9
2025-03-08 01:30:46.784082,-70.050422,-54.043271,18.27,4.93,-2.06,-1.91,-2.12,11.55,-94.08,3769883894.5,949.89,49.14,Spoofing,6169,"{'ID': 'FP7636', 'Departure': 'Airport_40', 'Arrival': 'Airport_28', 'Planned Altitude': 35435.55, 'Planned Speed': 820.59}","{'Frequency': 5468.36, 'Content': 'Standard', 'Language': 'English'}",Armed,5,None,DE,Loitering,"{'Visibility': 39536.08, 'Wind Speed': 29.12, 'Cloud Cover': 20.97}",Night,Flat,42517.91,1,Medium,90.5,65.27,72.66,3,SENSOR_9
2025-03-07 09:26:02.784082,-53.85554,159.594416,5.44,-3.67,0.93,-1.44,3.18,-0.9,-73.19,3086636552.0,4.09,67.39,Unknown,9449,"{'ID': 'FP7102', 'Departure': 'Airport_38', 'Arrival': 'Airport_22', 'Planned Altitude': 26429.33, 'Planned Speed': 833.5}","{'Frequency': 6240.09, 'Content': 'Standard', 'Language': 'Unknown'}",Unknown,1,None,IR,Loitering,"{'Visibility': 32588.38, 'Wind Speed': 24.16, 'Cloud Cover': 28.82}",Twilight,Coastal,70417.08,49,High,92.18,82.01,69.11,3,SENSOR_3
2025-03-07 05:52:47.784082,35.439457,22.8351,48.11,-1.24,2.84,-4.18,-3.86,7.93,-6.47,1663213607.09,520.83,40.17,Jamming,2059,"{'ID': 'FP4215', 'Departure': 'Airport_49', 'Arrival': 'Airport_41', 'Planned Altitude': 5887.88, 'Planned Speed': 800.37}","{'Frequency': 3736.13, 'Content': 'Standard', 'Language': 'English'}",Unknown,5,V-Formation,FR,Loitering,"{'Visibility': 2331.93, 'Wind Speed': 0.71, 'Cloud Cover': 29.02}",Twilight,Flat,18142.87,87,Medium,63.63,61.21,88.71,1,SENSOR_8
2025-03-07 05:59:00.784082,88.798449,-3.09574,8.73,0.5,3.13,-3.77,7.39,0.12,-90.57,5500239361.24,418.28,38.09,Jamming,2548,"{'ID': 'FP5965', 'Departure': 'Airport_21', 'Arrival': 'Airport_34', 'Planned Altitude': 15396.97, 'Planned Speed': 727.77}","{'Frequency': 1392.92, 'Content': 'Encrypted', 'Language': 'English'}",Unknown,1,None,PK,Direct Approach,"{'Visibility': 48653.2, 'Wind Speed': 3.1, 'Cloud Cover': 64.8}",Twilight,Flat,81301.56,11,High,68.98,57.07,50.0,5,SENSOR_19
2025-03-07 15:20:58.784082,27.141873,-160.658733,19.36,4.39,-1.85,-1.5,-6.69,-18.36,-91.38,2615801739.02,904.03,89.43,Jamming,9973,"{'ID': 'FP9114', 'Departure': 'Airport_27', 'Arrival': 'Airport_40', 'Planned Altitude': 37708.39, 'Planned Speed': 893.99}","{'Frequency': 4706.7, 'Content': 'Standard', 'Language': 'English'}",Armed,3,Echelon,KR,Aggressive Maneuvers,"{'Visibility': 4547.18, 'Wind Speed': 12.4, 'Cloud Cover': 65.31}",Night,Mountainous,10956.92,91,Medium,59.34,83.03,51.44,2,SENSOR_5
2025-03-07 15:17:42.784082,-41.63097,-52.489303,-16.38,1.12,1.84,2.31,-4.52,5.97,-89.19,1982881227.14,949.96,59.23,None,5341,"{'ID': 'FP5154', 'Departure': 'Airport_3', 'Arrival': 'Airport_47', 'Planned Altitude': 3038.05, 'Planned Speed': 640.02}","{'Frequency': 8112.29, 'Content': 'Standard', 'Language': 'Unknown'}",Armed,4,None,UK,Direct Approach,"{'Visibility': 1721.25, 'Wind Speed': 10.45, 'Cloud Cover': 24.05}",Day,Coastal,95373.76,7,Medium,62.2,60.23,90.38,4,SENSOR_11
2025-03-07 13:29:04.784082,-67.973714,-27.962551,-12.33,0.44,-3.56,0.46,4.69,-9.61,-63.05,6408366896.61,864.09,95.94,Unknown,9373,"{'ID': 'FP4896', 'Departure': 'Airport_39', 'Arrival': 'Airport_31', 'Planned Altitude': 33178.87, 'Planned Speed': 528.77}","{'Frequency': 1831.41, 'Content': 'Encrypted', 'Language': 'English'}",Unknown,1,None,IR,Aggressive Maneuvers,"{'Visibility': 47545.84, 'Wind Speed': 12.77, 'Cloud Cover': 23.9}",Day,Flat,23243.35,21,High,63.37,63.43,64.97,3,SENSOR_1
2025-03-07 20:50:20.784082,57.55519,-141.790495,-11.46,2.14,2.24,0.77,-6.09,-1.76,-45.56,9195768891.21,844.34,30.91,Spoofing,5676,"{'ID': 'FP6048', 'Departure': 'Airport_32', 'Arrival': 'Airport_50', 'Planned Altitude': 37430.2, 'Planned Speed': 618.13}","{'Frequency': 5427.97, 'Content': 'Encrypted', 'Language': 'English'}",Unarmed,3,Echelon,UK,Aggressive Maneuvers,"{'Visibility': 34208.75, 'Wind Speed': 29.25, 'Cloud Cover': 33.91}",Day,Coastal,24836.54,81,Medium,83.43,98.26,66.35,2,SENSOR_20
2025-03-07 05:50:56.784082,84.339639,-161.663771,-17.27,1.99,-1.1,-1.13,2.14,3.81,-66.05,1656776698.88,448.17,48.89,None,6018,"{'ID': 'FP6972', 'Departure': 'Airport_3', 'Arrival': 'Airport_37', 'Planned Altitude': 35724.48, 'Planned Speed': 269.32}","{'Frequency': 6844.33, 'Content': 'Encrypted', 'Language': 'English'}",Armed,6,V-Formation,RU,Direct Approach,"{'Visibility': 15916.19, 'Wind Speed': 19.31, 'Cloud Cover': 93.81}",Night,Coastal,43228.87,78,High,95.24,75.54,78.3,1,SENSOR_13
2025-03-07 00:39:47.784082,53.537828,53.480915,-30.0,1.7,2.35,-0.19,-4.26,-3.58,-92.54,5025655783.37,890.22,26.36,Jamming,8571,"{'ID': 'FP8957', 'Departure': 'Airport_33', 'Arrival': 'Airport_22', 'Planned Altitude': 4021.56, 'Planned Speed': 764.58}","{'Frequency': 4287.67, 'Content': 'Standard', 'Language': 'Unknown'}",Unarmed,2,Echelon,UK,Aggressive Maneuvers,"{'Visibility': 46591.44, 'Wind Speed': 15.58, 'Cloud Cover': 14.9}",Twilight,Flat,63904.77,42,High,50.56,74.81,81.33,3,SENSOR_14
2025-03-07 16:06:12.784082,-9.89805,-163.226499,37.41,-1.47,-0.86,4.25,-9.84,12.78,-72.17,2138791567.65,968.8,16.01,None,4573,"{'ID': 'FP3667', 'Departure': 'Airport_24', 'Arrival': 'Airport_16', 'Planned Altitude': 11019.59, 'Planned Speed': 573.75}","{'Frequency': 2573.35, 'Content': 'Standard', 'Language': 'English'}",Armed,3,Echelon,DE,Aggressive Maneuvers,"{'Visibility': 15226.55, 'Wind Speed': 12.1, 'Cloud Cover': 82.3}",Twilight,Mountainous,33141.33,15,High,71.62,93.77,59.23,3,SENSOR_14
2025-03-07 21:05:58.784082,-18.794044,-157.126054,-35.6,-0.38,4.07,-0.06,9.46,-0.98,-96.78,1274194629.68,497.59,48.6,Spoofing,4000,"{'ID': 'FP1028', 'Departure': 'Airport_42', 'Arrival': 'Airport_11', 'Planned Altitude': 17173.47, 'Planned Speed': 329.09}","{'Frequency': 8829.38, 'Content': 'Encrypted', 'Language': 'English'}",Unknown,2,V-Formation,KR,Loitering,"{'Visibility': 18548.08, 'Wind Speed': 2.73, 'Cloud Cover': 66.5}",Night,Flat,56840.09,73,High,53.45,88.39,90.72,3,SENSOR_20
2025-03-07 07:12:47.784082,14.55228,103.015391,48.74,3.18,-0.19,-3.56,-6.63,-19.33,-33.62,5512646348.82,998.24,88.48,Spoofing,1885,"{'ID': 'FP5821', 'Departure': 'Airport_1', 'Arrival': 'Airport_28', 'Planned Altitude': 26417.46, 'Planned Speed': 723.32}","{'Frequency': 987.16, 'Content': 'Standard', 'Language': 'English'}",Armed,2,None,FR,Loitering,"{'Visibility': 47593.33, 'Wind Speed': 22.52, 'Cloud Cover': 78.41}",Twilight,Mountainous,5373.94,100,High,67.1,72.04,63.69,1,SENSOR_17
2025-03-07 12:01:19.784082,-72.285626,61.160353,9.92,3.44,3.45,3.01,-2.47,-13.64,-98.71,1581805251.88,350.21,16.04,Spoofing,8048,"{'ID': 'FP2177', 'Departure': 'Airport_47', 'Arrival': 'Airport_43', 'Planned Altitude': 29641.14, 'Planned Speed': 512.8}","{'Frequency': 6149.79, 'Content': 'Standard', 'Language': 'English'}",Unarmed,5,Line Abreast,IN,Loitering,"{'Visibility': 26920.97, 'Wind Speed': 6.59, 'Cloud Cover': 11.89}",Day,Mountainous,41400.46,53,Medium,77.6,72.52,94.29,5,SENSOR_5
2025-03-07 20:51:02.784082,33.184831,131.13724,-18.96,4.53,2.83,2.04,-2.08,7.55,-39.27,3164736350.04,568.38,32.88,Jamming,4953,"{'ID': 'FP2460', 'Departure': 'Airport_38', 'Arrival': 'Airport_29', 'Planned Altitude': 32922.88, 'Planned Speed': 225.5}","{'Frequency': 1587.94, 'Content': 'Standard', 'Language': 'English'}",Unknown,3,Line Abreast,IR,Direct Approach,"{'Visibility': 28627.66, 'Wind Speed': 14.7, 'Cloud Cover': 84.46}",Day,Coastal,80027.4,43,High,82.07,75.45,89.29,5,SENSOR_10
2025-03-07 20:09:44.784082,88.978723,71.121261,3.6,3.5,-0.87,0.83,-0.66,8.89,-54.67,3737285830.93,477.76,92.15,Unknown,7729,"{'ID': 'FP5606', 'Departure': 'Airport_33', 'Arrival': 'Airport_45', 'Planned Altitude': 19338.7, 'Planned Speed': 334.0}","{'Frequency': 9668.18, 'Content': 'Standard', 'Language': 'Unknown'}",Unknown,6,None,US,Aggressive Maneuvers,"{'Visibility': 40867.47, 'Wind Speed': 19.75, 'Cloud Cover': 13.51}",Night,Flat,32970.23,83,Medium,65.14,78.4,95.86,3,SENSOR_11
2025-03-07 01:59:50.784082,-84.281293,163.634506,2.23,2.14,-2.15,-0.17,-8.99,0.07,-68.3,5746084273.11,452.54,88.02,Jamming,1390,"{'ID': 'FP8655', 'Departure': 'Airport_16', 'Arrival': 'Airport_30', 'Planned Altitude': 13414.75, 'Planned Speed': 575.91}","{'Frequency': 3851.19, 'Content': 'Encrypted', 'Language': 'English'}",Unarmed,2,V-Formation,US,Loitering,"{'Visibility': 27003.08, 'Wind Speed': 8.06, 'Cloud Cover': 99.29}",Day,Mountainous,52492.3,5,Low,76.9,59.91,80.98,2,SENSOR_17
2025-03-07 22:12:09.784082,4.517411,-134.784359,21.26,2.04,3.65,4.79,2.48,-17.45,-36.28,8960901978.35,100.81,5.5,Spoofing,2507,"{'ID': 'FP3929', 'Departure': 'Airport_35', 'Arrival': 'Airport_21', 'Planned Altitude': 26187.46, 'Planned Speed': 720.12}","{'Frequency': 8901.09, 'Content': 'Encrypted', 'Language': 'English'}",Unarmed,3,Echelon,IR,Loitering,"{'Visibility': 27353.56, 'Wind Speed': 20.58, 'Cloud Cover': 59.84}",Day,Coastal,16205.9,7,Medium,99.24,68.15,64.42,4,SENSOR_5
2025-03-07 01:23:05.784082,84.702997,168.862895,-13.23,0.81,-2.86,0.06,-8.91,0.34,-64.86,7947463204.87,627.27,66.13,Jamming,5153,"{'ID': 'FP3473', 'Departure': 'Airport_39', 'Arrival': 'Airport_37', 'Planned Altitude': 1460.78, 'Planned Speed': 345.66}","{'Frequency': 2999.98, 'Content': 'Standard', 'Language': 'English'}",Unarmed,6,Echelon,IN,Direct Approach,"{'Visibility': 6169.6, 'Wind Speed': 24.69, 'Cloud Cover': 16.07}",Twilight,Mountainous,61342.55,23,High,90.72,91.07,51.72,2,SENSOR_6
2025-03-07 18:16:36.784082,46.656234,109.331785,-20.85,-0.45,1.93,-0.88,3.69,12.43,-21.09,5448708579.98,947.47,52.48,Spoofing,7271,"{'ID': 'FP3136', 'Departure': 'Airport_34', 'Arrival': 'Airport_39', 'Planned Altitude': 21742.92, 'Planned Speed': 219.43}","{'Frequency': 2437.73, 'Content': 'Encrypted', 'Language': 'English'}",Unknown,3,V-Formation,PK,Loitering,"{'Visibility': 33010.33, 'Wind Speed': 10.39, 'Cloud Cover': 18.96}",Twilight,Coastal,79309.51,35,Medium,89.3,81.52,70.73,4,SENSOR_1
2025-03-07 12:08:10.784082,-37.641455,-52.499709,6.83,-4.3,2.06,-4.26,-6.89,-2.95,-70.33,7283620955.4,837.93,9.09,Unknown,1855,"{'ID': 'FP6201', 'Departure': 'Airport_27', 'Arrival': 'Airport_46', 'Planned Altitude': 24635.49, 'Planned Speed': 702.32}","{'Frequency': 696.14, 'Content': 'Standard', 'Language': 'English'}",Unarmed,4,Echelon,KR,Direct Approach,"{'Visibility': 2519.26, 'Wind Speed': 4.89, 'Cloud Cover': 93.94}",Twilight,Mountainous,54315.22,11,Low,79.73,56.16,88.55,1,SENSOR_12
2025-03-07 12:22:37.784082,76.571026,62.523485,4.69,-4.76,-4.41,-4.23,0.91,6.21,-33.7,4720084390.47,853.75,45.55,None,6171,"{'ID': 'FP7554', 'Departure': 'Airport_9', 'Arrival': 'Airport_35', 'Planned Altitude': 13408.16, 'Planned Speed': 244.96}","{'Frequency': 1170.85, 'Content': 'Encrypted', 'Language': 'English'}",Unknown,6,Echelon,PK,Direct Approach,"{'Visibility': 4205.3, 'Wind Speed': 13.95, 'Cloud Cover': 16.6}",Twilight,Mountainous,55831.95,74,Medium,62.92,61.44,66.91,4,SENSOR_11
2025-03-07 14:14:30.784082,50.42147,105.975315,-30.65,-4.71,-4.02,-0.08,0.29,-6.97,-1.87,4335016615.63,806.65,49.25,Jamming,6900,"{'ID': 'FP1056', 'Departure': 'Airport_13', 'Arrival': 'Airport_11', 'Planned Altitude': 37612.33, 'Planned Speed': 691.07}","{'Frequency': 2128.18, 'Content': 'Standard', 'Language': 'English'}",Armed,2,None,CN,Direct Approach,"{'Visibility': 7226.74, 'Wind Speed': 10.51, 'Cloud Cover': 82.43}",Day,Mountainous,45973.4,75,Medium,69.73,96.43,68.23,4,SENSOR_17
2025-03-07 03:12:19.784082,63.900219,-65.403587,40.59,-4.9,-1.4,2.12,5.03,-18.18,-98.72,3836336148.87,543.71,35.62,Spoofing,8126,"{'ID': 'FP6087', 'Departure': 'Airport_21', 'Arrival': 'Airport_40', 'Planned Altitude': 2179.67, 'Planned Speed': 803.0}","{'Frequency': 4602.13, 'Content': 'Standard', 'Language': 'Unknown'}",Unknown,4,Echelon,IR,Aggressive Maneuvers,"{'Visibility': 6264.89, 'Wind Speed': 25.75, 'Cloud Cover': 74.15}",Night,Flat,70796.95,15,Low,53.79,73.29,97.99,5,SENSOR_14
2025-03-07 23:52:45.784082,-66.540205,145.011115,-3.93,-3.65,3.21,-3.24,-4.06,-14.65,-95.74,2885689559.3,962.74,38.87,Jamming,9415,"{'ID': 'FP2254', 'Departure': 'Airport_10', 'Arrival': 'Airport_38', 'Planned Altitude': 22395.11, 'Planned Speed': 763.64}","{'Frequency': 6086.22, 'Content': 'Encrypted', 'Language': 'English'}",Armed,4,V-Formation,IR,Direct Approach,"{'Visibility': 46885.24, 'Wind Speed': 18.46, 'Cloud Cover': 74.96}",Night,Coastal,70563.91,95,Low,74.52,67.09,50.72,1,SENSOR_14
2025-03-07 23:16:48.784082,-84.001365,149.076317,26.18,0.29,1.21,-0.82,0.88,-8.4,-80.51,3456996607.32,286.73,41.77,Unknown,9232,"{'ID': 'FP9677', 'Departure': 'Airport_42', 'Arrival': 'Airport_42', 'Planned Altitude': 17205.15, 'Planned Speed': 695.2}","{'Frequency': 2716.03, 'Content': 'Standard', 'Language': 'English'}",Armed,5,Echelon,DE,Loitering,"{'Visibility': 24366.07, 'Wind Speed': 27.12, 'Cloud Cover': 92.93}",Day,Flat,3676.36,71,High,74.27,95.53,66.29,2,SENSOR_19
2025-03-08 00:21:52.784082,87.787151,-134.937293,-21.7,2.88,-3.29,-3.76,5.49,0.32,-73.53,8875020929.11,560.39,67.34,None,8044,"{'ID': 'FP1598', 'Departure': 'Airport_40', 'Arrival': 'Airport_10', 'Planned Altitude': 2985.75, 'Planned Speed': 651.56}","{'Frequency': 2742.99, 'Content': 'Standard', 'Language': 'English'}",Unarmed,1,None,DE,Aggressive Maneuvers,"{'Visibility': 38411.8, 'Wind Speed': 13.77, 'Cloud Cover': 81.99}",Twilight,Mountainous,11015.39,98,Low,57.25,77.66,75.36,2,SENSOR_3
2025-03-07 09:30:53.784082,31.396738,35.533956,25.97,3.33,-3.65,3.07,-9.14,-0.82,-97.5,6849908626.39,246.09,29.58,Unknown,2492,"{'ID': 'FP6563', 'Departure': 'Airport_4', 'Arrival': 'Airport_30', 'Planned Altitude': 18802.22, 'Planned Speed': 538.56}","{'Frequency': 6867.57, 'Content': 'Encrypted', 'Language': 'Unknown'}",Unknown,2,V-Formation,FR,Aggressive Maneuvers,"{'Visibility': 26308.82, 'Wind Speed': 17.84, 'Cloud Cover': 73.26}",Day,Mountainous,80071.78,8,Low,58.29,59.27,89.06,4,SENSOR_14
2025-03-07 03:26:48.784082,-5.293018,-153.894641,-6.6,0.25,-1.21,3.61,-1.43,-6.63,-27.9,7035500416.23,703.41,34.02,Jamming,8712,"{'ID': 'FP8577', 'Departure': 'Airport_45', 'Arrival': 'Airport_8', 'Planned Altitude': 20171.54, 'Planned Speed': 527.54}","{'Frequency': 7309.91, 'Content': 'Standard', 'Language': 'English'}",Unknown,2,Line Abreast,IR,Direct Approach,"{'Visibility': 28311.7, 'Wind Speed': 8.2, 'Cloud Cover': 18.45}",Twilight,Flat,6323.23,19,High,90.0,51.04,98.15,5,SENSOR_15
2025-03-07 07:16:29.784082,18.596959,-127.493664,36.85,-3.1,-3.12,3.57,-6.38,-0.96,-78.87,2759818670.59,854.86,58.79,Unknown,4716,"{'ID': 'FP6537', 'Departure': 'Airport_27', 'Arrival': 'Airport_19', 'Planned Altitude': 37485.03, 'Planned Speed': 289.83}","{'Frequency': 6800.12, 'Content': 'Encrypted', 'Language': 'English'}",Unarmed,6,None,US,Loitering,"{'Visibility': 43793.17, 'Wind Speed': 24.68, 'Cloud Cover': 4.78}",Night,Mountainous,55335.72,56,Low,99.27,50.64,82.77,3,SENSOR_17
2025-03-07 08:59:14.784082,-31.520852,-87.918278,10.69,0.68,3.06,-3.64,-1.48,-2.19,-41.75,4366161651.04,581.52,68.89,Unknown,2837,"{'ID': 'FP9439', 'Departure': 'Airport_41', 'Arrival': 'Airport_34', 'Planned Altitude': 27539.78, 'Planned Speed': 505.26}","{'Frequency': 8412.56, 'Content': 'Standard', 'Language': 'English'}",Unknown,2,Echelon,UK,Aggressive Maneuvers,"{'Visibility': 5040.32, 'Wind Speed': 23.24, 'Cloud Cover': 32.81}",Twilight,Flat,74740.54,78,Medium,56.71,71.67,96.97,4,SENSOR_14
2025-03-08 00:13:56.784082,20.541282,154.226003,-40.07,-3.48,-1.71,-0.51,8.69,16.23,-24.97,1082870476.98,927.94,24.75,Unknown,1681,"{'ID': 'FP5325', 'Departure': 'Airport_12', 'Arrival': 'Airport_32', 'Planned Altitude': 5396.04, 'Planned Speed': 870.82}","{'Frequency': 7104.76, 'Content': 'Standard', 'Language': 'Unknown'}",Unarmed,3,V-Formation,UK,Loitering,"{'Visibility': 35483.45, 'Wind Speed': 6.75, 'Cloud Cover': 20.37}",Twilight,Coastal,44675.09,92,High,67.88,79.14,74.98,2,SENSOR_18
2025-03-08 00:37:23.784082,-15.894862,55.135614,38.63,-2.54,1.6,1.25,9.8,-6.16,-69.45,9174507913.25,943.67,26.44,Unknown,3211,"{'ID': 'FP8302', 'Departure': 'Airport_11', 'Arrival': 'Airport_15', 'Planned Altitude': 30236.49, 'Planned Speed': 440.42}","{'Frequency': 283.61, 'Content': 'Standard', 'Language': 'English'}",Unknown,3,Line Abreast,UK,Loitering,"{'Visibility': 34565.01, 'Wind Speed': 7.86, 'Cloud Cover': 55.42}",Night,Flat,67099.51,43,High,73.87,51.97,79.3,3,SENSOR_15
2025-03-07 16:54:24.784082,-38.080232,105.101691,17.59,-1.25,3.45,-3.95,-7.45,17.83,-37.83,7533012823.08,409.68,70.61,Spoofing,7856,"{'ID': 'FP6674', 'Departure': 'Airport_5', 'Arrival': 'Airport_30', 'Planned Altitude': 37172.68, 'Planned Speed': 769.96}","{'Frequency': 8968.33, 'Content': 'Encrypted', 'Language': 'English'}",Unarmed,6,None,FR,Aggressive Maneuvers,"{'Visibility': 18524.58, 'Wind Speed': 4.96, 'Cloud Cover': 72.42}",Night,Mountainous,21376.49,49,Medium,98.29,54.67,91.49,3,SENSOR_13
2025-03-07 20:57:24.784082,-79.646424,-54.911438,17.16,-4.93,-1.71,0.19,6.13,-1.26,-82.44,7905291717.29,481.16,13.12,Jamming,9696,"{'ID': 'FP5951', 'Departure': 'Airport_47', 'Arrival': 'Airport_10', 'Planned Altitude': 12079.01, 'Planned Speed': 266.02}","{'Frequency': 8831.23, 'Content': 'Standard', 'Language': 'English'}",Armed,6,None,KR,Loitering,"{'Visibility': 16836.07, 'Wind Speed': 1.8, 'Cloud Cover': 9.82}",Night,Flat,86904.05,6,Medium,59.5,95.72,96.28,5,SENSOR_6
2025-03-07 19:27:46.784082,16.090958,155.19202,30.17,-2.03,-4.97,0.95,3.66,-17.53,-78.63,3238247246.55,946.91,61.28,Unknown,2606,"{'ID': 'FP8912', 'Departure': 'Airport_20', 'Arrival': 'Airport_35', 'Planned Altitude': 28780.27, 'Planned Speed': 724.96}","{'Frequency': 6392.32, 'Content': 'Standard', 'Language': 'English'}",Unarmed,5,None,IR,Loitering,"{'Visibility': 13362.7, 'Wind Speed': 10.68, 'Cloud Cover': 52.89}",Night,Coastal,29087.04,96,High,50.16,66.94,83.93,1,SENSOR_15
2025-03-07 00:02:13.784082,-87.712863,32.840281,-0.62,2.99,-3.2,-0.57,6.64,14.42,-7.62,7497967252.65,558.82,78.29,None,8888,"{'ID': 'FP5566', 'Departure': 'Airport_13', 'Arrival': 'Airport_25', 'Planned Altitude': 6211.1, 'Planned Speed': 339.15}","{'Frequency': 2768.45, 'Content': 'Encrypted', 'Language': 'English'}",Unarmed,6,Line Abreast,US,Loitering,"{'Visibility': 32027.38, 'Wind Speed': 10.66, 'Cloud Cover': 36.59}",Night,Coastal,71357.96,49,High,60.46,98.58,84.48,2,SENSOR_6
